0.00
  0  0.000e+00    0.000e+00    0.000e+00    3.000e+04
  1  1.000e+05    0.000e+00    0.000e+00   -3.000e+04
  2  2.000e+05    0.000e+00    0.000e+00    3.000e+04
  3  3.000e+05    0.000e+00    0.000e+00   -3.000e+04
  4  4.000e+05    0.000e+00    0.000e+00    3.000e+04
  5  5.000e+05    0.000e+00    0.000e+00   -3.000e+04
  6  6.000e+05    0.000e+00    0.000e+00    3.000e+04
  7  7.000e+05    0.000e+00    0.000e+00   -3.000e+04
  8  8.000e+05    0.000e+00    0.000e+00    3.000e+04
  9  9.000e+05    0.000e+00    0.000e+00   -3.000e+04
 10  1.000e+06    0.000e+00    0.000e+00    3.000e+04
 11  1.100e+06    0.000e+00    0.000e+00   -3.000e+04
 12  1.200e+06    0.000e+00    0.000e+00    3.000e+04
 13  1.300e+06    0.000e+00    0.000e+00   -3.000e+04
 14  1.400e+06    0.000e+00    0.000e+00    3.000e+04
 15  1.500e+06    0.000e+00    0.000e+00   -3.000e+04
 16  1.600e+06    0.000e+00    0.000e+00    3.000e+04
 17  1.700e+06    0.000e+00    0.000e+00   -3.000e+04
 18  1.800e+06    0.000e+00    0.000e+00    3.000e+04
 19  1.900e+06    0.000e+00    0.000e+00   -3.000e+04
 20  2.000e+06    0.000e+00    0.000e+00    3.000e+04
 21  2.100e+06    0.000e+00    0.000e+00   -3.000e+04
 22  2.200e+06    0.000e+00    0.000e+00    3.000e+04
 23  2.300e+06    0.000e+00    0.000e+00   -3.000e+04
 24  2.400e+06    0.000e+00    0.000e+00    3.000e+04
 25  2.500e+06    0.000e+00    0.000e+00   -3.000e+04
 26  2.600e+06    0.000e+00    0.000e+00    3.000e+04
 27  2.700e+06    0.000e+00    0.000e+00   -3.000e+04
 28  2.800e+06    0.000e+00    0.000e+00    3.000e+04
 29  2.900e+06    0.000e+00    0.000e+00   -3.000e+04
 30  3.000e+06    0.000e+00    0.000e+00    3.000e+04
 31  3.100e+06    0.000e+00    0.000e+00   -3.000e+04
 32  3.200e+06    0.000e+00    0.000e+00    3.000e+04
 33  3.300e+06    0.000e+00    0.000e+00   -3.000e+04
 34  3.400e+06    0.000e+00    0.000e+00    3.000e+04
 35  3.500e+06    0.000e+00    0.000e+00   -3.000e+04
 36  3.600e+06    0.000e+00    0.000e+00    3.000e+04
 37  3.700e+06    0.000e+00    0.000e+00   -3.000e+04
 38  3.800e+06    0.000e+00    0.000e+00    3.000e+04
 39  3.900e+06    0.000e+00    0.000e+00   -3.000e+04
 40  4.000e+06    0.000e+00    0.000e+00    3.000e+04
 41  4.100e+06    0.000e+00    0.000e+00   -3.000e+04
 42  4.200e+06    0.000e+00    0.000e+00    3.000e+04
 43  4.300e+06    0.000e+00    0.000e+00   -3.000e+04
 44  4.400e+06    0.000e+00    0.000e+00    3.000e+04
 45  4.500e+06    0.000e+00    0.000e+00   -3.000e+04
 46  4.600e+06    0.000e+00    0.000e+00    3.000e+04
 47  4.700e+06    0.000e+00    0.000e+00   -3.000e+04
 48  4.800e+06    0.000e+00    0.000e+00    3.000e+04
 49  4.900e+06    0.000e+00    0.000e+00   -3.000e+04
 50  5.000e+06    0.000e+00    0.000e+00    3.000e+04
 51  5.100e+06    0.000e+00    0.000e+00   -3.000e+04
 52  5.200e+06    0.000e+00    0.000e+00    3.000e+04
 53  5.300e+06    0.000e+00    0.000e+00   -3.000e+04
 54  5.400e+06    0.000e+00    0.000e+00    3.000e+04
 55  5.500e+06    0.000e+00    0.000e+00   -3.000e+04
 56  5.600e+06    0.000e+00    0.000e+00    3.000e+04
 57  5.700e+06    0.000e+00    0.000e+00   -3.000e+04
 58  5.800e+06    0.000e+00    0.000e+00    3.000e+04
 59  5.900e+06    0.000e+00    0.000e+00   -3.000e+04
 60  6.000e+06    0.000e+00    0.000e+00    3.000e+04
 61  6.100e+06    0.000e+00    0.000e+00   -3.000e+04
 62  6.200e+06    0.000e+00    0.000e+00    3.000e+04
 63  6.300e+06    0.000e+00    0.000e+00   -3.000e+04
 64  6.400e+06    0.000e+00    0.000e+00    3.000e+04
 65  6.500e+06    0.000e+00    0.000e+00   -3.000e+04
 66  6.600e+06    0.000e+00    0.000e+00    3.000e+04
 67  6.700e+06    0.000e+00    0.000e+00   -3.000e+04
 68  6.800e+06    0.000e+00    0.000e+00    3.000e+04
 69  6.900e+06    0.000e+00    0.000e+00   -3.000e+04
 70  7.000e+06    0.000e+00    0.000e+00    3.000e+04
 71  7.100e+06    0.000e+00    0.000e+00   -3.000e+04
 72  7.200e+06    0.000e+00    0.000e+00    3.000e+04
 73  7.300e+06    0.000e+00    0.000e+00   -3.000e+04
 74  7.400e+06    0.000e+00    0.000e+00    3.000e+04
 75  7.500e+06    0.000e+00    0.000e+00   -3.000e+04
 76  7.600e+06    0.000e+00    0.000e+00    3.000e+04
 77  7.700e+06    0.000e+00    0.000e+00   -3.000e+04
 78  7.800e+06    0.000e+00    0.000e+00    3.000e+04
 79  7.900e+06    0.000e+00    0.000e+00   -3.000e+04
 80  8.000e+06    0.000e+00    0.000e+00    3.000e+04
 81  8.100e+06    0.000e+00    0.000e+00   -3.000e+04
 82  8.200e+06    0.000e+00    0.000e+00    3.000e+04
 83  8.300e+06    0.000e+00    0.000e+00   -3.000e+04
 84  8.400e+06    0.000e+00    0.000e+00    3.000e+04
 85  8.500e+06    0.000e+00    0.000e+00   -3.000e+04
 86  8.600e+06    0.000e+00    0.000e+00    3.000e+04
 87  8.700e+06    0.000e+00    0.000e+00   -3.000e+04
 88  8.800e+06    0.000e+00    0.000e+00    3.000e+04
 89  8.900e+06    0.000e+00    0.000e+00   -3.000e+04
 90  9.000e+06    0.000e+00    0.000e+00    3.000e+04
 91  9.100e+06    0.000e+00    0.000e+00   -3.000e+04
 92  9.200e+06    0.000e+00    0.000e+00    3.000e+04
 93  9.300e+06    0.000e+00    0.000e+00   -3.000e+04
 94  9.400e+06    0.000e+00    0.000e+00    3.000e+04
 95  9.500e+06    0.000e+00    0.000e+00   -3.000e+04
 96  9.600e+06    0.000e+00    0.000e+00    3.000e+04
 97  9.700e+06    0.000e+00    0.000e+00   -3.000e+04
 98  9.800e+06    0.000e+00    0.000e+00    3.000e+04
 99  9.900e+06    0.000e+00    0.000e+00   -3.000e+04
100  1.000e+07    0.000e+00    0.000e+00    3.000e+04
101  1.010e+07    0.000e+00    0.000e+00   -3.000e+04
102  1.020e+07    0.000e+00    0.000e+00    3.000e+04
103  1.030e+07    0.000e+00    0.000e+00   -3.000e+04
104  1.040e+07    0.000e+00    0.000e+00    3.000e+04
105  1.050e+07    0.000e+00    0.000e+00   -3.000e+04
106  1.060e+07    0.000e+00    0.000e+00    3.000e+04
107  1.070e+07    0.000e+00    0.000e+00   -3.000e+04
108  1.080e+07    0.000e+00    0.000e+00    3.000e+04
109  1.090e+07    0.000e+00    0.000e+00   -3.000e+04
110  1.100e+07    0.000e+00    0.000e+00    3.000e+04
111  1.110e+07    0.000e+00    0.000e+00   -3.000e+04
112  1.120e+07    0.000e+00    0.000e+00    3.000e+04
113  1.130e+07    0.000e+00    0.000e+00   -3.000e+04
114  1.140e+07    0.000e+00    0.000e+00    3.000e+04
115  1.150e+07    0.000e+00    0.000e+00   -3.000e+04
116  1.160e+07    0.000e+00    0.000e+00    3.000e+04
117  1.170e+07    0.000e+00    0.000e+00   -3.000e+04
118  1.180e+07    0.000e+00    0.000e+00    3.000e+04
119  1.190e+07    0.000e+00    0.000e+00   -3.000e+04
120  1.200e+07    0.000e+00    0.000e+00    3.000e+04
121  1.210e+07    0.000e+00    0.000e+00   -3.000e+04
122  1.220e+07    0.000e+00    0.000e+00    3.000e+04
123  1.230e+07    0.000e+00    0.000e+00   -3.000e+04
124  1.240e+07    0.000e+00    0.000e+00    3.000e+04
125  1.250e+07    0.000e+00    0.000e+00   -3.000e+04
126  1.260e+07    0.000e+00    0.000e+00    3.000e+04
127  1.270e+07    0.000e+00    0.000e+00   -3.000e+04
128  1.280e+07    0.000e+00    0.000e+00    3.000e+04
129  1.290e+07    0.000e+00    0.000e+00   -3.000e+04
130  1.300e+07    0.000e+00    0.000e+00    3.000e+04
131  1.310e+07    0.000e+00    0.000e+00   -3.000e+04
132  1.320e+07    0.000e+00    0.000e+00    3.000e+04
133  1.330e+07    0.000e+00    0.000e+00   -3.000e+04
134  1.340e+07    0.000e+00    0.000e+00    3.000e+04
135  1.350e+07    0.000e+00    0.000e+00   -3.000e+04
136  1.360e+07    0.000e+00    0.000e+00    3.000e+04
137  1.370e+07    0.000e+00    0.000e+00   -3.000e+04
138  1.380e+07    0.000e+00    0.000e+00    3.000e+04
139  1.390e+07    0.000e+00    0.000e+00   -3.000e+04
140  1.400e+07    0.000e+00    0.000e+00    3.000e+04
141  1.410e+07    0.000e+00    0.000e+00   -3.000e+04
142  1.420e+07    0.000e+00    0.000e+00    3.000e+04
143  1.430e+07    0.000e+00    0.000e+00   -3.000e+04
144  1.440e+07    0.000e+00    0.000e+00    3.000e+04
145  1.450e+07    0.000e+00    0.000e+00   -3.000e+04
146  1.460e+07    0.000e+00    0.000e+00    3.000e+04
147  1.470e+07    0.000e+00    0.000e+00   -3.000e+04
148  1.480e+07    0.000e+00    0.000e+00    3.000e+04
149  1.490e+07    0.000e+00    0.000e+00   -3.000e+04
150  1.500e+07    0.000e+00    0.000e+00    3.000e+04
151  1.510e+07    0.000e+00    0.000e+00   -3.000e+04
152  1.520e+07    0.000e+00    0.000e+00    3.000e+04
153  1.530e+07    0.000e+00    0.000e+00   -3.000e+04
154  1.540e+07    0.000e+00    0.000e+00    3.000e+04
155  1.550e+07    0.000e+00    0.000e+00   -3.000e+04
156  1.560e+07    0.000e+00    0.000e+00    3.000e+04
157  1.570e+07    0.000e+00    0.000e+00   -3.000e+04
158  1.580e+07    0.000e+00    0.000e+00    3.000e+04
159  1.590e+07    0.000e+00    0.000e+00   -3.000e+04
160  1.600e+07    0.000e+00    0.000e+00    3.000e+04
161  1.610e+07    0.000e+00    0.000e+00   -3.000e+04
162  1.620e+07    0.000e+00    0.000e+00    3.000e+04
163  1.630e+07    0.000e+00    0.000e+00   -3.000e+04
164  1.640e+07    0.000e+00    0.000e+00    3.000e+04
165  1.650e+07    0.000e+00    0.000e+00   -3.000e+04
166  1.660e+07    0.000e+00    0.000e+00    3.000e+04
167  1.670e+07    0.000e+00    0.000e+00   -3.000e+04
168  1.680e+07    0.000e+00    0.000e+00    3.000e+04
169  1.690e+07    0.000e+00    0.000e+00   -3.000e+04
170  1.700e+07    0.000e+00    0.000e+00    3.000e+04
171  1.710e+07    0.000e+00    0.000e+00   -3.000e+04
172  1.720e+07    0.000e+00    0.000e+00    3.000e+04
173  1.730e+07    0.000e+00    0.000e+00   -3.000e+04
174  1.740e+07    0.000e+00    0.000e+00    3.000e+04
175  1.750e+07    0.000e+00    0.000e+00   -3.000e+04
176  1.760e+07    0.000e+00    0.000e+00    3.000e+04
177  1.770e+07    0.000e+00    0.000e+00   -3.000e+04
178  1.780e+07    0.000e+00    0.000e+00    3.000e+04
179  1.790e+07    0.000e+00    0.000e+00   -3.000e+04
180  1.800e+07    0.000e+00    0.000e+00    3.000e+04
181  1.810e+07    0.000e+00    0.000e+00   -3.000e+04
182  1.820e+07    0.000e+00    0.000e+00    3.000e+04
183  1.830e+07    0.000e+00    0.000e+00   -3.000e+04
184  1.840e+07    0.000e+00    0.000e+00    3.000e+04
185  1.850e+07    0.000e+00    0.000e+00   -3.000e+04
186  1.860e+07    0.000e+00    0.000e+00    3.000e+04
187  1.870e+07    0.000e+00    0.000e+00   -3.000e+04
188  1.880e+07    0.000e+00    0.000e+00    3.000e+04
189  1.890e+07    0.000e+00    0.000e+00   -3.000e+04
190  1.900e+07    0.000e+00    0.000e+00    3.000e+04
191  1.910e+07    0.000e+00    0.000e+00   -3.000e+04
192  1.920e+07    0.000e+00    0.000e+00    3.000e+04
193  1.930e+07    0.000e+00    0.000e+00   -3.000e+04
194  1.940e+07    0.000e+00    0.000e+00    3.000e+04
195  1.950e+07    0.000e+00    0.000e+00   -3.000e+04
196  1.960e+07    0.000e+00    0.000e+00    3.000e+04
197  1.970e+07    0.000e+00    0.000e+00   -3.000e+04
198  1.980e+07    0.000e+00    0.000e+00    3.000e+04
199  1.990e+07    0.000e+00    0.000e+00   -3.000e+04
200  2.000e+07    0.000e+00    0.000e+00    3.000e+04
201  2.010e+07    0.000e+00    0.000e+00   -3.000e+04
202  2.020e+07    0.000e+00    0.000e+00    3.000e+04
203  2.030e+07    0.000e+00    0.000e+00   -3.000e+04
204  2.040e+07    0.000e+00    0.000e+00    3.000e+04
205  2.050e+07    0.000e+00    0.000e+00   -3.000e+04
206  2.060e+07    0.000e+00    0.000e+00    3.000e+04
207  2.070e+07    0.000e+00    0.000e+00   -3.000e+04
208  2.080e+07    0.000e+00    0.000e+00    3.000e+04
209  2.090e+07    0.000e+00    0.000e+00   -3.000e+04
210  2.100e+07    0.000e+00    0.000e+00    3.000e+04
211  2.110e+07    0.000e+00    0.000e+00   -3.000e+04
212  2.120e+07    0.000e+00    0.000e+00    3.000e+04
213  2.130e+07    0.000e+00    0.000e+00   -3.000e+04
214  2.140e+07    0.000e+00    0.000e+00    3.000e+04
215  2.150e+07    0.000e+00    0.000e+00   -3.000e+04
216  2.160e+07    0.000e+00    0.000e+00    3.000e+04
217  2.170e+07    0.000e+00    0.000e+00   -3.000e+04
218  2.180e+07    0.000e+00    0.000e+00    3.000e+04
219  2.190e+07    0.000e+00    0.000e+00   -3.000e+04
220  2.200e+07    0.000e+00    0.000e+00    3.000e+04
221  2.210e+07    0.000e+00    0.000e+00   -3.000e+04
222  2.220e+07    0.000e+00    0.000e+00    3.000e+04
223  2.230e+07    0.000e+00    0.000e+00   -3.000e+04
224  2.240e+07    0.000e+00    0.000e+00    3.000e+04
225  2.250e+07    0.000e+00    0.000e+00   -3.000e+04
226  2.260e+07    0.000e+00    0.000e+00    3.000e+04
227  2.270e+07    0.000e+00    0.000e+00   -3.000e+04
228  2.280e+07    0.000e+00    0.000e+00    3.000e+04
229  2.290e+07    0.000e+00    0.000e+00   -3.000e+04
230  2.300e+07    0.000e+00    0.000e+00    3.000e+04
231  2.310e+07    0.000e+00    0.000e+00   -3.000e+04
232  2.320e+07    0.000e+00    0.000e+00    3.000e+04
233  2.330e+07    0.000e+00    0.000e+00   -3.000e+04
234  2.340e+07    0.000e+00    0.000e+00    3.000e+04
235  2.350e+07    0.000e+00    0.000e+00   -3.000e+04
236  2.360e+07    0.000e+00    0.000e+00    3.000e+04
237  2.370e+07    0.000e+00    0.000e+00   -3.000e+04
238  2.380e+07    0.000e+00    0.000e+00    3.000e+04
239  2.390e+07    0.000e+00    0.000e+00   -3.000e+04
240  2.400e+07    0.000e+00    0.000e+00    3.000e+04
241  2.410e+07    0.000e+00    0.000e+00   -3.000e+04
242  2.420e+07    0.000e+00    0.000e+00    3.000e+04
243  2.430e+07    0.000e+00    0.000e+00   -3.000e+04
244  2.440e+07    0.000e+00    0.000e+00    3.000e+04
245  2.450e+07    0.000e+00    0.000e+00   -3.000e+04
246  2.460e+07    0.000e+00    0.000e+00    3.000e+04
247  2.470e+07    0.000e+00    0.000e+00   -3.000e+04
248  2.480e+07    0.000e+00    0.000e+00    3.000e+04
249  2.490e+07    0.000e+00    0.000e+00   -3.000e+04
250  2.500e+07    0.000e+00    0.000e+00    3.000e+04
251  2.510e+07    0.000e+00    0.000e+00   -3.000e+04
252  2.520e+07    0.000e+00    0.000e+00    3.000e+04
253  2.530e+07    0.000e+00    0.000e+00   -3.000e+04
254  2.540e+07    0.000e+00    0.000e+00    3.000e+04
255  2.550e+07    0.000e+00    0.000e+00   -3.000e+04
256  2.560e+07    0.000e+00    0.000e+00    3.000e+04
257  2.570e+07    0.000e+00    0.000e+00   -3.000e+04
258  2.580e+07    0.000e+00    0.000e+00    3.000e+04
259  2.590e+07    0.000e+00    0.000e+00   -3.000e+04
260  2.600e+07    0.000e+00    0.000e+00    3.000e+04
261  2.610e+07    0.000e+00    0.000e+00   -3.000e+04
262  2.620e+07    0.000e+00    0.000e+00    3.000e+04
263  2.630e+07    0.000e+00    0.000e+00   -3.000e+04
264  2.640e+07    0.000e+00    0.000e+00    3.000e+04
265  2.650e+07    0.000e+00    0.000e+00   -3.000e+04
266  2.660e+07    0.000e+00    0.000e+00    3.000e+04
267  2.670e+07    0.000e+00    0.000e+00   -3.000e+04
268  2.680e+07    0.000e+00    0.000e+00    3.000e+04
269  2.690e+07    0.000e+00    0.000e+00   -3.000e+04
270  2.700e+07    0.000e+00    0.000e+00    3.000e+04
271  2.710e+07    0.000e+00    0.000e+00   -3.000e+04
272  2.720e+07    0.000e+00    0.000e+00    3.000e+04
273  2.730e+07    0.000e+00    0.000e+00   -3.000e+04
274  2.740e+07    0.000e+00    0.000e+00    3.000e+04
275  2.750e+07    0.000e+00    0.000e+00   -3.000e+04
276  2.760e+07    0.000e+00    0.000e+00    3.000e+04
277  2.770e+07    0.000e+00    0.000e+00   -3.000e+04
278  2.780e+07    0.000e+00    0.000e+00    3.000e+04
279  2.790e+07    0.000e+00    0.000e+00   -3.000e+04
280  2.800e+07    0.000e+00    0.000e+00    3.000e+04
281  2.810e+07    0.000e+00    0.000e+00   -3.000e+04
282  2.820e+07    0.000e+00    0.000e+00    3.000e+04
283  2.830e+07    0.000e+00    0.000e+00   -3.000e+04
284  2.840e+07    0.000e+00    0.000e+00    3.000e+04
285  2.850e+07    0.000e+00    0.000e+00   -3.000e+04
286  2.860e+07    0.000e+00    0.000e+00    3.000e+04
287  2.870e+07    0.000e+00    0.000e+00   -3.000e+04
288  2.880e+07    0.000e+00    0.000e+00    3.000e+04
289  2.890e+07    0.000e+00    0.000e+00   -3.000e+04
290  2.900e+07    0.000e+00    0.000e+00    3.000e+04
291  2.910e+07    0.000e+00    0.000e+00   -3.000e+04
292  2.920e+07    0.000e+00    0.000e+00    3.000e+04
293  2.930e+07    0.000e+00    0.000e+00   -3.000e+04
294  2.940e+07    0.000e+00    0.000e+00    3.000e+04
295  2.950e+07    0.000e+00    0.000e+00   -3.000e+04
296  2.960e+07    0.000e+00    0.000e+00    3.000e+04
297  2.970e+07    0.000e+00    0.000e+00   -3.000e+04
298  2.980e+07    0.000e+00    0.000e+00    3.000e+04
299  2.990e+07    0.000e+00    0.000e+00   -3.000e+04
300  3.000e+07    0.000e+00    0.000e+00    3.000e+04
301  3.010e+07    0.000e+00    0.000e+00   -3.000e+04
302  3.020e+07    0.000e+00    0.000e+00    3.000e+04
303  3.030e+07    0.000e+00    0.000e+00   -3.000e+04
304  3.040e+07    0.000e+00    0.000e+00    3.000e+04
305  3.050e+07    0.000e+00    0.000e+00   -3.000e+04
306  3.060e+07    0.000e+00    0.000e+00    3.000e+04
307  3.070e+07    0.000e+00    0.000e+00   -3.000e+04
308  3.080e+07    0.000e+00    0.000e+00    3.000e+04
309  3.090e+07    0.000e+00    0.000e+00   -3.000e+04
310  3.100e+07    0.000e+00    0.000e+00    3.000e+04
311  3.110e+07    0.000e+00    0.000e+00   -3.000e+04
312  3.120e+07    0.000e+00    0.000e+00    3.000e+04
313  3.130e+07    0.000e+00    0.000e+00   -3.000e+04
314  3.140e+07    0.000e+00    0.000e+00    3.000e+04
315  3.150e+07    0.000e+00    0.000e+00   -3.000e+04
316  3.160e+07    0.000e+00    0.000e+00    3.000e+04
317  3.170e+07    0.000e+00    0.000e+00   -3.000e+04
318  3.180e+07    0.000e+00    0.000e+00    3.000e+04
319  3.190e+07    0.000e+00    0.000e+00   -3.000e+04
320  3.200e+07    0.000e+00    0.000e+00    3.000e+04
321  3.210e+07    0.000e+00    0.000e+00   -3.000e+04
322  3.220e+07    0.000e+00    0.000e+00    3.000e+04
323  3.230e+07    0.000e+00    0.000e+00   -3.000e+04
324  3.240e+07    0.000e+00    0.000e+00    3.000e+04
325  3.250e+07    0.000e+00    0.000e+00   -3.000e+04
326  3.260e+07    0.000e+00    0.000e+00    3.000e+04
327  3.270e+07    0.000e+00    0.000e+00   -3.000e+04
328  3.280e+07    0.000e+00    0.000e+00    3.000e+04
329  3.290e+07    0.000e+00    0.000e+00   -3.000e+04
330  3.300e+07    0.000e+00    0.000e+00    3.000e+04
331  3.310e+07    0.000e+00    0.000e+00   -3.000e+04
332  3.320e+07    0.000e+00    0.000e+00    3.000e+04
333  3.330e+07    0.000e+00    0.000e+00   -3.000e+04
334  3.340e+07    0.000e+00    0.000e+00    3.000e+04
335  3.350e+07    0.000e+00    0.000e+00   -3.000e+04
336  3.360e+07    0.000e+00    0.000e+00    3.000e+04
337  3.370e+07    0.000e+00    0.000e+00   -3.000e+04
338  3.380e+07    0.000e+00    0.000e+00    3.000e+04
339  3.390e+07    0.000e+00    0.000e+00   -3.000e+04
340  3.400e+07    0.000e+00    0.000e+00    3.000e+04
341  3.410e+07    0.000e+00    0.000e+00   -3.000e+04
342  3.420e+07    0.000e+00    0.000e+00    3.000e+04
343  3.430e+07    0.000e+00    0.000e+00   -3.000e+04
344  3.440e+07    0.000e+00    0.000e+00    3.000e+04
345  3.450e+07    0.000e+00    0.000e+00   -3.000e+04
346  3.460e+07    0.000e+00    0.000e+00    3.000e+04
347  3.470e+07    0.000e+00    0.000e+00   -3.000e+04
348  3.480e+07    0.000e+00    0.000e+00    3.000e+04
349  3.490e+07    0.000e+00    0.000e+00   -3.000e+04
350  3.500e+07    0.000e+00    0.000e+00    3.000e+04
351  3.510e+07    0.000e+00    0.000e+00   -3.000e+04
352  3.520e+07    0.000e+00    0.000e+00    3.000e+04
353  3.530e+07    0.000e+00    0.000e+00   -3.000e+04
354  3.540e+07    0.000e+00    0.000e+00    3.000e+04
355  3.550e+07    0.000e+00    0.000e+00   -3.000e+04
356  3.560e+07    0.000e+00    0.000e+00    3.000e+04
357  3.570e+07    0.000e+00    0.000e+00   -3.000e+04
358  3.580e+07    0.000e+00    0.000e+00    3.000e+04
359  3.590e+07    0.000e+00    0.000e+00   -3.000e+04
360  3.600e+07    0.000e+00    0.000e+00    3.000e+04
361  3.610e+07    0.000e+00    0.000e+00   -3.000e+04
362  3.620e+07    0.000e+00    0.000e+00    3.000e+04
363  3.630e+07    0.000e+00    0.000e+00   -3.000e+04
364  3.640e+07    0.000e+00    0.000e+00    3.000e+04
365  3.650e+07    0.000e+00    0.000e+00   -3.000e+04
366  3.660e+07    0.000e+00    0.000e+00    3.000e+04
367  3.670e+07    0.000e+00    0.000e+00   -3.000e+04
368  3.680e+07    0.000e+00    0.000e+00    3.000e+04
369  3.690e+07    0.000e+00    0.000e+00   -3.000e+04
370  3.700e+07    0.000e+00    0.000e+00    3.000e+04
371  3.710e+07    0.000e+00    0.000e+00   -3.000e+04
372  3.720e+07    0.000e+00    0.000e+00    3.000e+04
373  3.730e+07    0.000e+00    0.000e+00   -3.000e+04
374  3.740e+07    0.000e+00    0.000e+00    3.000e+04
375  3.750e+07    0.000e+00    0.000e+00   -3.000e+04
376  3.760e+07    0.000e+00    0.000e+00    3.000e+04
377  3.770e+07    0.000e+00    0.000e+00   -3.000e+04
378  3.780e+07    0.000e+00    0.000e+00    3.000e+04
379  3.790e+07    0.000e+00    0.000e+00   -3.000e+04
380  3.800e+07    0.000e+00    0.000e+00    3.000e+04
381  3.810e+07    0.000e+00    0.000e+00   -3.000e+04
382  3.820e+07    0.000e+00    0.000e+00    3.000e+04
383  3.830e+07    0.000e+00    0.000e+00   -3.000e+04
384  3.840e+07    0.000e+00    0.000e+00    3.000e+04
385  3.850e+07    0.000e+00    0.000e+00   -3.000e+04
386  3.860e+07    0.000e+00    0.000e+00    3.000e+04
387  3.870e+07    0.000e+00    0.000e+00   -3.000e+04
388  3.880e+07    0.000e+00    0.000e+00    3.000e+04
389  3.890e+07    0.000e+00    0.000e+00   -3.000e+04
390  3.900e+07    0.000e+00    0.000e+00    3.000e+04
391  3.910e+07    0.000e+00    0.000e+00   -3.000e+04
392  3.920e+07    0.000e+00    0.000e+00    3.000e+04
393  3.930e+07    0.000e+00    0.000e+00   -3.000e+04
394  3.940e+07    0.000e+00    0.000e+00    3.000e+04
395  3.950e+07    0.000e+00    0.000e+00   -3.000e+04
396  3.960e+07    0.000e+00    0.000e+00    3.000e+04
397  3.970e+07    0.000e+00    0.000e+00   -3.000e+04
398  3.980e+07    0.000e+00    0.000e+00    3.000e+04
399  3.990e+07    0.000e+00    0.000e+00   -3.000e+04
400  4.000e+07    0.000e+00    0.000e+00    3.000e+04
401  4.010e+07    0.000e+00    0.000e+00   -3.000e+04
402  4.020e+07    0.000e+00    0.000e+00    3.000e+04
403  4.030e+07    0.000e+00    0.000e+00   -3.000e+04
404  4.040e+07    0.000e+00    0.000e+00    3.000e+04
405  4.050e+07    0.000e+00    0.000e+00   -3.000e+04
406  4.060e+07    0.000e+00    0.000e+00    3.000e+04
407  4.070e+07    0.000e+00    0.000e+00   -3.000e+04
408  4.080e+07    0.000e+00    0.000e+00    3.000e+04
409  4.090e+07    0.000e+00    0.000e+00   -3.000e+04
410  4.100e+07    0.000e+00    0.000e+00    3.000e+04
411  4.110e+07    0.000e+00    0.000e+00   -3.000e+04
412  4.120e+07    0.000e+00    0.000e+00    3.000e+04
413  4.130e+07    0.000e+00    0.000e+00   -3.000e+04
414  4.140e+07    0.000e+00    0.000e+00    3.000e+04
415  4.150e+07    0.000e+00    0.000e+00   -3.000e+04
416  4.160e+07    0.000e+00    0.000e+00    3.000e+04
417  4.170e+07    0.000e+00    0.000e+00   -3.000e+04
418  4.180e+07    0.000e+00    0.000e+00    3.000e+04
419  4.190e+07    0.000e+00    0.000e+00   -3.000e+04
420  4.200e+07    0.000e+00    0.000e+00    3.000e+04
421  4.210e+07    0.000e+00    0.000e+00   -3.000e+04
422  4.220e+07    0.000e+00    0.000e+00    3.000e+04
423  4.230e+07    0.000e+00    0.000e+00   -3.000e+04
424  4.240e+07    0.000e+00    0.000e+00    3.000e+04
425  4.250e+07    0.000e+00    0.000e+00   -3.000e+04
426  4.260e+07    0.000e+00    0.000e+00    3.000e+04
427  4.270e+07    0.000e+00    0.000e+00   -3.000e+04
428  4.280e+07    0.000e+00    0.000e+00    3.000e+04
429  4.290e+07    0.000e+00    0.000e+00   -3.000e+04
430  4.300e+07    0.000e+00    0.000e+00    3.000e+04
431  4.310e+07    0.000e+00    0.000e+00   -3.000e+04
432  4.320e+07    0.000e+00    0.000e+00    3.000e+04
433  4.330e+07    0.000e+00    0.000e+00   -3.000e+04
434  4.340e+07    0.000e+00    0.000e+00    3.000e+04
435  4.350e+07    0.000e+00    0.000e+00   -3.000e+04
436  4.360e+07    0.000e+00    0.000e+00    3.000e+04
437  4.370e+07    0.000e+00    0.000e+00   -3.000e+04
438  4.380e+07    0.000e+00    0.000e+00    3.000e+04
439  4.390e+07    0.000e+00    0.000e+00   -3.000e+04
440  4.400e+07    0.000e+00    0.000e+00    3.000e+04
441  4.410e+07    0.000e+00    0.000e+00   -3.000e+04
442  4.420e+07    0.000e+00    0.000e+00    3.000e+04
443  4.430e+07    0.000e+00    0.000e+00   -3.000e+04
444  4.440e+07    0.000e+00    0.000e+00    3.000e+04
445  4.450e+07    0.000e+00    0.000e+00   -3.000e+04
446  4.460e+07    0.000e+00    0.000e+00    3.000e+04
447  4.470e+07    0.000e+00    0.000e+00   -3.000e+04
448  4.480e+07    0.000e+00    0.000e+00    3.000e+04
449  4.490e+07    0.000e+00    0.000e+00   -3.000e+04
450  4.500e+07    0.000e+00    0.000e+00    3.000e+04
451  4.510e+07    0.000e+00    0.000e+00   -3.000e+04
452  4.520e+07    0.000e+00    0.000e+00    3.000e+04
453  4.530e+07    0.000e+00    0.000e+00   -3.000e+04
454  4.540e+07    0.000e+00    0.000e+00    3.000e+04
455  4.550e+07    0.000e+00    0.000e+00   -3.000e+04
456  4.560e+07    0.000e+00    0.000e+00    3.000e+04
457  4.570e+07    0.000e+00    0.000e+00   -3.000e+04
458  4.580e+07    0.000e+00    0.000e+00    3.000e+04
459  4.590e+07    0.000e+00    0.000e+00   -3.000e+04
460  4.600e+07    0.000e+00    0.000e+00    3.000e+04
461  4.610e+07    0.000e+00    0.000e+00   -3.000e+04
462  4.620e+07    0.000e+00    0.000e+00    3.000e+04
463  4.630e+07    0.000e+00    0.000e+00   -3.000e+04
464  4.640e+07    0.000e+00    0.000e+00    3.000e+04
465  4.650e+07    0.000e+00    0.000e+00   -3.000e+04
466  4.660e+07    0.000e+00    0.000e+00    3.000e+04
467  4.670e+07    0.000e+00    0.000e+00   -3.000e+04
468  4.680e+07    0.000e+00    0.000e+00    3.000e+04
469  4.690e+07    0.000e+00    0.000e+00   -3.000e+04
470  4.700e+07    0.000e+00    0.000e+00    3.000e+04
471  4.710e+07    0.000e+00    0.000e+00   -3.000e+04
472  4.720e+07    0.000e+00    0.000e+00    3.000e+04
473  4.730e+07    0.000e+00    0.000e+00   -3.000e+04
474  4.740e+07    0.000e+00    0.000e+00    3.000e+04
475  4.750e+07    0.000e+00    0.000e+00   -3.000e+04
476  4.760e+07    0.000e+00    0.000e+00    3.000e+04
477  4.770e+07    0.000e+00    0.000e+00   -3.000e+04
478  4.780e+07    0.000e+00    0.000e+00    3.000e+04
479  4.790e+07    0.000e+00    0.000e+00   -3.000e+04
480  4.800e+07    0.000e+00    0.000e+00    3.000e+04
481  4.810e+07    0.000e+00    0.000e+00   -3.000e+04
482  4.820e+07    0.000e+00    0.000e+00    3.000e+04
483  4.830e+07    0.000e+00    0.000e+00   -3.000e+04
484  4.840e+07    0.000e+00    0.000e+00    3.000e+04
485  4.850e+07    0.000e+00    0.000e+00   -3.000e+04
486  4.860e+07    0.000e+00    0.000e+00    3.000e+04
487  4.870e+07    0.000e+00    0.000e+00   -3.000e+04
488  4.880e+07    0.000e+00    0.000e+00    3.000e+04
489  4.890e+07    0.000e+00    0.000e+00   -3.000e+04
490  4.900e+07    0.000e+00    0.000e+00    3.000e+04
491  4.910e+07    0.000e+00    0.000e+00   -3.000e+04
492  4.920e+07    0.000e+00    0.000e+00    3.000e+04
493  4.930e+07    0.000e+00    0.000e+00   -3.000e+04
494  4.940e+07    0.000e+00    0.000e+00    3.000e+04
495  4.950e+07    0.000e+00    0.000e+00   -3.000e+04
496  4.960e+07    0.000e+00    0.000e+00    3.000e+04
497  4.970e+07    0.000e+00    0.000e+00   -3.000e+04
498  4.980e+07    0.000e+00    0.000e+00    3.000e+04
499  4.990e+07    0.000e+00    0.000e+00   -3.000e+04
500  5.000e+07    0.000e+00    0.000e+00    3.000e+04
501  5.010e+07    0.000e+00    0.000e+00   -3.000e+04
502  5.020e+07    0.000e+00    0.000e+00    3.000e+04
503  5.030e+07    0.000e+00    0.000e+00   -3.000e+04
504  5.040e+07    0.000e+00    0.000e+00    3.000e+04
505  5.050e+07    0.000e+00    0.000e+00   -3.000e+04
506  5.060e+07    0.000e+00    0.000e+00    3.000e+04
507  5.070e+07    0.000e+00    0.000e+00   -3.000e+04
508  5.080e+07    0.000e+00    0.000e+00    3.000e+04
509  5.090e+07    0.000e+00    0.000e+00   -3.000e+04
510  5.100e+07    0.000e+00    0.000e+00    3.000e+04
511  5.110e+07    0.000e+00    0.000e+00   -3.000e+04
512  5.120e+07    0.000e+00    0.000e+00    3.000e+04
513  5.130e+07    0.000e+00    0.000e+00   -3.000e+04
514  5.140e+07    0.000e+00    0.000e+00    3.000e+04
515  5.150e+07    0.000e+00    0.000e+00   -3.000e+04
516  5.160e+07    0.000e+00    0.000e+00    3.000e+04
517  5.170e+07    0.000e+00    0.000e+00   -3.000e+04
518  5.180e+07    0.000e+00    0.000e+00    3.000e+04
519  5.190e+07    0.000e+00    0.000e+00   -3.000e+04
520  5.200e+07    0.000e+00    0.000e+00    3.000e+04
521  5.210e+07    0.000e+00    0.000e+00   -3.000e+04
522  5.220e+07    0.000e+00    0.000e+00    3.000e+04
523  5.230e+07    0.000e+00    0.000e+00   -3.000e+04
524  5.240e+07    0.000e+00    0.000e+00    3.000e+04
525  5.250e+07    0.000e+00    0.000e+00   -3.000e+04
526  5.260e+07    0.000e+00    0.000e+00    3.000e+04
527  5.270e+07    0.000e+00    0.000e+00   -3.000e+04
528  5.280e+07    0.000e+00    0.000e+00    3.000e+04
529  5.290e+07    0.000e+00    0.000e+00   -3.000e+04
530  5.300e+07    0.000e+00    0.000e+00    3.000e+04
531  5.310e+07    0.000e+00    0.000e+00   -3.000e+04
532  5.320e+07    0.000e+00    0.000e+00    3.000e+04
533  5.330e+07    0.000e+00    0.000e+00   -3.000e+04
534  5.340e+07    0.000e+00    0.000e+00    3.000e+04
535  5.350e+07    0.000e+00    0.000e+00   -3.000e+04
536  5.360e+07    0.000e+00    0.000e+00    3.000e+04
537  5.370e+07    0.000e+00    0.000e+00   -3.000e+04
538  5.380e+07    0.000e+00    0.000e+00    3.000e+04
539  5.390e+07    0.000e+00    0.000e+00   -3.000e+04
540  5.400e+07    0.000e+00    0.000e+00    3.000e+04
541  5.410e+07    0.000e+00    0.000e+00   -3.000e+04
542  5.420e+07    0.000e+00    0.000e+00    3.000e+04
543  5.430e+07    0.000e+00    0.000e+00   -3.000e+04
544  5.440e+07    0.000e+00    0.000e+00    3.000e+04
545  5.450e+07    0.000e+00    0.000e+00   -3.000e+04
546  5.460e+07    0.000e+00    0.000e+00    3.000e+04
547  5.470e+07    0.000e+00    0.000e+00   -3.000e+04
548  5.480e+07    0.000e+00    0.000e+00    3.000e+04
549  5.490e+07    0.000e+00    0.000e+00   -3.000e+04
550  5.500e+07    0.000e+00    0.000e+00    3.000e+04
551  5.510e+07    0.000e+00    0.000e+00   -3.000e+04
552  5.520e+07    0.000e+00    0.000e+00    3.000e+04
553  5.530e+07    0.000e+00    0.000e+00   -3.000e+04
554  5.540e+07    0.000e+00    0.000e+00    3.000e+04
555  5.550e+07    0.000e+00    0.000e+00   -3.000e+04
556  5.560e+07    0.000e+00    0.000e+00    3.000e+04
557  5.570e+07    0.000e+00    0.000e+00   -3.000e+04
558  5.580e+07    0.000e+00    0.000e+00    3.000e+04
559  5.590e+07    0.000e+00    0.000e+00   -3.000e+04
560  5.600e+07    0.000e+00    0.000e+00    3.000e+04
561  5.610e+07    0.000e+00    0.000e+00   -3.000e+04
562  5.620e+07    0.000e+00    0.000e+00    3.000e+04
563  5.630e+07    0.000e+00    0.000e+00   -3.000e+04
564  5.640e+07    0.000e+00    0.000e+00    3.000e+04
565  5.650e+07    0.000e+00    0.000e+00   -3.000e+04
566  5.660e+07    0.000e+00    0.000e+00    3.000e+04
567  5.670e+07    0.000e+00    0.000e+00   -3.000e+04
568  5.680e+07    0.000e+00    0.000e+00    3.000e+04
569  5.690e+07    0.000e+00    0.000e+00   -3.000e+04
570  5.700e+07    0.000e+00    0.000e+00    3.000e+04
571  5.710e+07    0.000e+00    0.000e+00   -3.000e+04
572  5.720e+07    0.000e+00    0.000e+00    3.000e+04
573  5.730e+07    0.000e+00    0.000e+00   -3.000e+04
574  5.740e+07    0.000e+00    0.000e+00    3.000e+04
575  5.750e+07    0.000e+00    0.000e+00   -3.000e+04
576  5.760e+07    0.000e+00    0.000e+00    3.000e+04
577  5.770e+07    0.000e+00    0.000e+00   -3.000e+04
578  5.780e+07    0.000e+00    0.000e+00    3.000e+04
579  5.790e+07    0.000e+00    0.000e+00   -3.000e+04
580  5.800e+07    0.000e+00    0.000e+00    3.000e+04
581  5.810e+07    0.000e+00    0.000e+00   -3.000e+04
582  5.820e+07    0.000e+00    0.000e+00    3.000e+04
583  5.830e+07    0.000e+00    0.000e+00   -3.000e+04
584  5.840e+07    0.000e+00    0.000e+00    3.000e+04
585  5.850e+07    0.000e+00    0.000e+00   -3.000e+04
586  5.860e+07    0.000e+00    0.000e+00    3.000e+04
587  5.870e+07    0.000e+00    0.000e+00   -3.000e+04
588  5.880e+07    0.000e+00    0.000e+00    3.000e+04
589  5.890e+07    0.000e+00    0.000e+00   -3.000e+04
590  5.900e+07    0.000e+00    0.000e+00    3.000e+04
591  5.910e+07    0.000e+00    0.000e+00   -3.000e+04
592  5.920e+07    0.000e+00    0.000e+00    3.000e+04
593  5.930e+07    0.000e+00    0.000e+00   -3.000e+04
594  5.940e+07    0.000e+00    0.000e+00    3.000e+04
595  5.950e+07    0.000e+00    0.000e+00   -3.000e+04
596  5.960e+07    0.000e+00    0.000e+00    3.000e+04
597  5.970e+07    0.000e+00    0.000e+00   -3.000e+04
598  5.980e+07    0.000e+00    0.000e+00    3.000e+04
599  5.990e+07    0.000e+00    0.000e+00   -3.000e+04
600  6.000e+07    0.000e+00    0.000e+00    3.000e+04
601  6.010e+07    0.000e+00    0.000e+00   -3.000e+04
602  6.020e+07    0.000e+00    0.000e+00    3.000e+04
603  6.030e+07    0.000e+00    0.000e+00   -3.000e+04
604  6.040e+07    0.000e+00    0.000e+00    3.000e+04
605  6.050e+07    0.000e+00    0.000e+00   -3.000e+04
606  6.060e+07    0.000e+00    0.000e+00    3.000e+04
607  6.070e+07    0.000e+00    0.000e+00   -3.000e+04
608  6.080e+07    0.000e+00    0.000e+00    3.000e+04
609  6.090e+07    0.000e+00    0.000e+00   -3.000e+04
610  6.100e+07    0.000e+00    0.000e+00    3.000e+04
611  6.110e+07    0.000e+00    0.000e+00   -3.000e+04
612  6.120e+07    0.000e+00    0.000e+00    3.000e+04
613  6.130e+07    0.000e+00    0.000e+00   -3.000e+04
614  6.140e+07    0.000e+00    0.000e+00    3.000e+04
615  6.150e+07    0.000e+00    0.000e+00   -3.000e+04
616  6.160e+07    0.000e+00    0.000e+00    3.000e+04
617  6.170e+07    0.000e+00    0.000e+00   -3.000e+04
618  6.180e+07    0.000e+00    0.000e+00    3.000e+04
619  6.190e+07    0.000e+00    0.000e+00   -3.000e+04
620  6.200e+07    0.000e+00    0.000e+00    3.000e+04
621  6.210e+07    0.000e+00    0.000e+00   -3.000e+04
622  6.220e+07    0.000e+00    0.000e+00    3.000e+04
623  6.230e+07    0.000e+00    0.000e+00   -3.000e+04
624  6.240e+07    0.000e+00    0.000e+00    3.000e+04
625  6.250e+07    0.000e+00    0.000e+00   -3.000e+04
626  6.260e+07    0.000e+00    0.000e+00    3.000e+04
627  6.270e+07    0.000e+00    0.000e+00   -3.000e+04
628  6.280e+07    0.000e+00    0.000e+00    3.000e+04
629  6.290e+07    0.000e+00    0.000e+00   -3.000e+04
630  6.300e+07    0.000e+00    0.000e+00    3.000e+04
631  6.310e+07    0.000e+00    0.000e+00   -3.000e+04
632  6.320e+07    0.000e+00    0.000e+00    3.000e+04
633  6.330e+07    0.000e+00    0.000e+00   -3.000e+04
634  6.340e+07    0.000e+00    0.000e+00    3.000e+04
635  6.350e+07    0.000e+00    0.000e+00   -3.000e+04
636  6.360e+07    0.000e+00    0.000e+00    3.000e+04
637  6.370e+07    0.000e+00    0.000e+00   -3.000e+04
638  6.380e+07    0.000e+00    0.000e+00    3.000e+04
639  6.390e+07    0.000e+00    0.000e+00   -3.000e+04
640  6.400e+07    0.000e+00    0.000e+00    3.000e+04
641  6.410e+07    0.000e+00    0.000e+00   -3.000e+04
642  6.420e+07    0.000e+00    0.000e+00    3.000e+04
643  6.430e+07    0.000e+00    0.000e+00   -3.000e+04
644  6.440e+07    0.000e+00    0.000e+00    3.000e+04
645  6.450e+07    0.000e+00    0.000e+00   -3.000e+04
646  6.460e+07    0.000e+00    0.000e+00    3.000e+04
647  6.470e+07    0.000e+00    0.000e+00   -3.000e+04
648  6.480e+07    0.000e+00    0.000e+00    3.000e+04
649  6.490e+07    0.000e+00    0.000e+00   -3.000e+04
650  6.500e+07    0.000e+00    0.000e+00    3.000e+04
651  6.510e+07    0.000e+00    0.000e+00   -3.000e+04
652  6.520e+07    0.000e+00    0.000e+00    3.000e+04
653  6.530e+07    0.000e+00    0.000e+00   -3.000e+04
654  6.540e+07    0.000e+00    0.000e+00    3.000e+04
655  6.550e+07    0.000e+00    0.000e+00   -3.000e+04
656  6.560e+07    0.000e+00    0.000e+00    3.000e+04
657  6.570e+07    0.000e+00    0.000e+00   -3.000e+04
658  6.580e+07    0.000e+00    0.000e+00    3.000e+04
659  6.590e+07    0.000e+00    0.000e+00   -3.000e+04
660  6.600e+07    0.000e+00    0.000e+00    3.000e+04
661  6.610e+07    0.000e+00    0.000e+00   -3.000e+04
662  6.620e+07    0.000e+00    0.000e+00    3.000e+04
663  6.630e+07    0.000e+00    0.000e+00   -3.000e+04
664  6.640e+07    0.000e+00    0.000e+00    3.000e+04
665  6.650e+07    0.000e+00    0.000e+00   -3.000e+04
666  6.660e+07    0.000e+00    0.000e+00    3.000e+04
667  6.670e+07    0.000e+00    0.000e+00   -3.000e+04
668  6.680e+07    0.000e+00    0.000e+00    3.000e+04
669  6.690e+07    0.000e+00    0.000e+00   -3.000e+04
670  6.700e+07    0.000e+00    0.000e+00    3.000e+04
671  6.710e+07    0.000e+00    0.000e+00   -3.000e+04
672  6.720e+07    0.000e+00    0.000e+00    3.000e+04
673  6.730e+07    0.000e+00    0.000e+00   -3.000e+04
674  6.740e+07    0.000e+00    0.000e+00    3.000e+04
675  6.750e+07    0.000e+00    0.000e+00   -3.000e+04
676  6.760e+07    0.000e+00    0.000e+00    3.000e+04
677  6.770e+07    0.000e+00    0.000e+00   -3.000e+04
678  6.780e+07    0.000e+00    0.000e+00    3.000e+04
679  6.790e+07    0.000e+00    0.000e+00   -3.000e+04
680  6.800e+07    0.000e+00    0.000e+00    3.000e+04
681  6.810e+07    0.000e+00    0.000e+00   -3.000e+04
682  6.820e+07    0.000e+00    0.000e+00    3.000e+04
683  6.830e+07    0.000e+00    0.000e+00   -3.000e+04
684  6.840e+07    0.000e+00    0.000e+00    3.000e+04
685  6.850e+07    0.000e+00    0.000e+00   -3.000e+04
686  6.860e+07    0.000e+00    0.000e+00    3.000e+04
687  6.870e+07    0.000e+00    0.000e+00   -3.000e+04
688  6.880e+07    0.000e+00    0.000e+00    3.000e+04
689  6.890e+07    0.000e+00    0.000e+00   -3.000e+04
690  6.900e+07    0.000e+00    0.000e+00    3.000e+04
691  6.910e+07    0.000e+00    0.000e+00   -3.000e+04
692  6.920e+07    0.000e+00    0.000e+00    3.000e+04
693  6.930e+07    0.000e+00    0.000e+00   -3.000e+04
694  6.940e+07    0.000e+00    0.000e+00    3.000e+04
695  6.950e+07    0.000e+00    0.000e+00   -3.000e+04
696  6.960e+07    0.000e+00    0.000e+00    3.000e+04
697  6.970e+07    0.000e+00    0.000e+00   -3.000e+04
698  6.980e+07    0.000e+00    0.000e+00    3.000e+04
699  6.990e+07    0.000e+00    0.000e+00   -3.000e+04
700  7.000e+07    0.000e+00    0.000e+00    3.000e+04
701  7.010e+07    0.000e+00    0.000e+00   -3.000e+04
702  7.020e+07    0.000e+00    0.000e+00    3.000e+04
703  7.030e+07    0.000e+00    0.000e+00   -3.000e+04
704  7.040e+07    0.000e+00    0.000e+00    3.000e+04
705  7.050e+07    0.000e+00    0.000e+00   -3.000e+04
706  7.060e+07    0.000e+00    0.000e+00    3.000e+04
707  7.070e+07    0.000e+00    0.000e+00   -3.000e+04
708  7.080e+07    0.000e+00    0.000e+00    3.000e+04
709  7.090e+07    0.000e+00    0.000e+00   -3.000e+04
710  7.100e+07    0.000e+00    0.000e+00    3.000e+04
711  7.110e+07    0.000e+00    0.000e+00   -3.000e+04
712  7.120e+07    0.000e+00    0.000e+00    3.000e+04
713  7.130e+07    0.000e+00    0.000e+00   -3.000e+04
714  7.140e+07    0.000e+00    0.000e+00    3.000e+04
715  7.150e+07    0.000e+00    0.000e+00   -3.000e+04
716  7.160e+07    0.000e+00    0.000e+00    3.000e+04
717  7.170e+07    0.000e+00    0.000e+00   -3.000e+04
718  7.180e+07    0.000e+00    0.000e+00    3.000e+04
719  7.190e+07    0.000e+00    0.000e+00   -3.000e+04
720  7.200e+07    0.000e+00    0.000e+00    3.000e+04
721  7.210e+07    0.000e+00    0.000e+00   -3.000e+04
722  7.220e+07    0.000e+00    0.000e+00    3.000e+04
723  7.230e+07    0.000e+00    0.000e+00   -3.000e+04
724  7.240e+07    0.000e+00    0.000e+00    3.000e+04
725  7.250e+07    0.000e+00    0.000e+00   -3.000e+04
726  7.260e+07    0.000e+00    0.000e+00    3.000e+04
727  7.270e+07    0.000e+00    0.000e+00   -3.000e+04
728  7.280e+07    0.000e+00    0.000e+00    3.000e+04
729  7.290e+07    0.000e+00    0.000e+00   -3.000e+04
730  7.300e+07    0.000e+00    0.000e+00    3.000e+04
731  7.310e+07    0.000e+00    0.000e+00   -3.000e+04
732  7.320e+07    0.000e+00    0.000e+00    3.000e+04
733  7.330e+07    0.000e+00    0.000e+00   -3.000e+04
734  7.340e+07    0.000e+00    0.000e+00    3.000e+04
735  7.350e+07    0.000e+00    0.000e+00   -3.000e+04
736  7.360e+07    0.000e+00    0.000e+00    3.000e+04
737  7.370e+07    0.000e+00    0.000e+00   -3.000e+04
738  7.380e+07    0.000e+00    0.000e+00    3.000e+04
739  7.390e+07    0.000e+00    0.000e+00   -3.000e+04
740  7.400e+07    0.000e+00    0.000e+00    3.000e+04
741  7.410e+07    0.000e+00    0.000e+00   -3.000e+04
742  7.420e+07    0.000e+00    0.000e+00    3.000e+04
743  7.430e+07    0.000e+00    0.000e+00   -3.000e+04
744  7.440e+07    0.000e+00    0.000e+00    3.000e+04
745  7.450e+07    0.000e+00    0.000e+00   -3.000e+04
746  7.460e+07    0.000e+00    0.000e+00    3.000e+04
747  7.470e+07    0.000e+00    0.000e+00   -3.000e+04
748  7.480e+07    0.000e+00    0.000e+00    3.000e+04
749  7.490e+07    0.000e+00    0.000e+00   -3.000e+04
750  7.500e+07    0.000e+00    0.000e+00    3.000e+04
751  7.510e+07    0.000e+00    0.000e+00   -3.000e+04
752  7.520e+07    0.000e+00    0.000e+00    3.000e+04
753  7.530e+07    0.000e+00    0.000e+00   -3.000e+04
754  7.540e+07    0.000e+00    0.000e+00    3.000e+04
755  7.550e+07    0.000e+00    0.000e+00   -3.000e+04
756  7.560e+07    0.000e+00    0.000e+00    3.000e+04
757  7.570e+07    0.000e+00    0.000e+00   -3.000e+04
758  7.580e+07    0.000e+00    0.000e+00    3.000e+04
759  7.590e+07    0.000e+00    0.000e+00   -3.000e+04
760  7.600e+07    0.000e+00    0.000e+00    3.000e+04
761  7.610e+07    0.000e+00    0.000e+00   -3.000e+04
762  7.620e+07    0.000e+00    0.000e+00    3.000e+04
763  7.630e+07    0.000e+00    0.000e+00   -3.000e+04
764  7.640e+07    0.000e+00    0.000e+00    3.000e+04
765  7.650e+07    0.000e+00    0.000e+00   -3.000e+04
766  7.660e+07    0.000e+00    0.000e+00    3.000e+04
767  7.670e+07    0.000e+00    0.000e+00   -3.000e+04
768  7.680e+07    0.000e+00    0.000e+00    3.000e+04
769  7.690e+07    0.000e+00    0.000e+00   -3.000e+04
770  7.700e+07    0.000e+00    0.000e+00    3.000e+04
771  7.710e+07    0.000e+00    0.000e+00   -3.000e+04
772  7.720e+07    0.000e+00    0.000e+00    3.000e+04
773  7.730e+07    0.000e+00    0.000e+00   -3.000e+04
774  7.740e+07    0.000e+00    0.000e+00    3.000e+04
775  7.750e+07    0.000e+00    0.000e+00   -3.000e+04
776  7.760e+07    0.000e+00    0.000e+00    3.000e+04
777  7.770e+07    0.000e+00    0.000e+00   -3.000e+04
778  7.780e+07    0.000e+00    0.000e+00    3.000e+04
779  7.790e+07    0.000e+00    0.000e+00   -3.000e+04
780  7.800e+07    0.000e+00    0.000e+00    3.000e+04
781  7.810e+07    0.000e+00    0.000e+00   -3.000e+04
782  7.820e+07    0.000e+00    0.000e+00    3.000e+04
783  7.830e+07    0.000e+00    0.000e+00   -3.000e+04
784  7.840e+07    0.000e+00    0.000e+00    3.000e+04
785  7.850e+07    0.000e+00    0.000e+00   -3.000e+04
786  7.860e+07    0.000e+00    0.000e+00    3.000e+04
787  7.870e+07    0.000e+00    0.000e+00   -3.000e+04
788  7.880e+07    0.000e+00    0.000e+00    3.000e+04
789  7.890e+07    0.000e+00    0.000e+00   -3.000e+04
790  7.900e+07    0.000e+00    0.000e+00    3.000e+04
791  7.910e+07    0.000e+00    0.000e+00   -3.000e+04
792  7.920e+07    0.000e+00    0.000e+00    3.000e+04
793  7.930e+07    0.000e+00    0.000e+00   -3.000e+04
794  7.940e+07    0.000e+00    0.000e+00    3.000e+04
795  7.950e+07    0.000e+00    0.000e+00   -3.000e+04
796  7.960e+07    0.000e+00    0.000e+00    3.000e+04
797  7.970e+07    0.000e+00    0.000e+00   -3.000e+04
798  7.980e+07    0.000e+00    0.000e+00    3.000e+04
799  7.990e+07    0.000e+00    0.000e+00   -3.000e+04
800  8.000e+07    0.000e+00    0.000e+00    3.000e+04
801  8.010e+07    0.000e+00    0.000e+00   -3.000e+04
802  8.020e+07    0.000e+00    0.000e+00    3.000e+04
803  8.030e+07    0.000e+00    0.000e+00   -3.000e+04
804  8.040e+07    0.000e+00    0.000e+00    3.000e+04
805  8.050e+07    0.000e+00    0.000e+00   -3.000e+04
806  8.060e+07    0.000e+00    0.000e+00    3.000e+04
807  8.070e+07    0.000e+00    0.000e+00   -3.000e+04
808  8.080e+07    0.000e+00    0.000e+00    3.000e+04
809  8.090e+07    0.000e+00    0.000e+00   -3.000e+04
810  8.100e+07    0.000e+00    0.000e+00    3.000e+04
811  8.110e+07    0.000e+00    0.000e+00   -3.000e+04
812  8.120e+07    0.000e+00    0.000e+00    3.000e+04
813  8.130e+07    0.000e+00    0.000e+00   -3.000e+04
814  8.140e+07    0.000e+00    0.000e+00    3.000e+04
815  8.150e+07    0.000e+00    0.000e+00   -3.000e+04
816  8.160e+07    0.000e+00    0.000e+00    3.000e+04
817  8.170e+07    0.000e+00    0.000e+00   -3.000e+04
818  8.180e+07    0.000e+00    0.000e+00    3.000e+04
819  8.190e+07    0.000e+00    0.000e+00   -3.000e+04
820  8.200e+07    0.000e+00    0.000e+00    3.000e+04
821  8.210e+07    0.000e+00    0.000e+00   -3.000e+04
822  8.220e+07    0.000e+00    0.000e+00    3.000e+04
823  8.230e+07    0.000e+00    0.000e+00   -3.000e+04
824  8.240e+07    0.000e+00    0.000e+00    3.000e+04
825  8.250e+07    0.000e+00    0.000e+00   -3.000e+04
826  8.260e+07    0.000e+00    0.000e+00    3.000e+04
827  8.270e+07    0.000e+00    0.000e+00   -3.000e+04
828  8.280e+07    0.000e+00    0.000e+00    3.000e+04
829  8.290e+07    0.000e+00    0.000e+00   -3.000e+04
830  8.300e+07    0.000e+00    0.000e+00    3.000e+04
831  8.310e+07    0.000e+00    0.000e+00   -3.000e+04
832  8.320e+07    0.000e+00    0.000e+00    3.000e+04
833  8.330e+07    0.000e+00    0.000e+00   -3.000e+04
834  8.340e+07    0.000e+00    0.000e+00    3.000e+04
835  8.350e+07    0.000e+00    0.000e+00   -3.000e+04
836  8.360e+07    0.000e+00    0.000e+00    3.000e+04
837  8.370e+07    0.000e+00    0.000e+00   -3.000e+04
838  8.380e+07    0.000e+00    0.000e+00    3.000e+04
839  8.390e+07    0.000e+00    0.000e+00   -3.000e+04
840  8.400e+07    0.000e+00    0.000e+00    3.000e+04
841  8.410e+07    0.000e+00    0.000e+00   -3.000e+04
842  8.420e+07    0.000e+00    0.000e+00    3.000e+04
843  8.430e+07    0.000e+00    0.000e+00   -3.000e+04
844  8.440e+07    0.000e+00    0.000e+00    3.000e+04
845  8.450e+07    0.000e+00    0.000e+00   -3.000e+04
846  8.460e+07    0.000e+00    0.000e+00    3.000e+04
847  8.470e+07    0.000e+00    0.000e+00   -3.000e+04
848  8.480e+07    0.000e+00    0.000e+00    3.000e+04
849  8.490e+07    0.000e+00    0.000e+00   -3.000e+04
850  8.500e+07    0.000e+00    0.000e+00    3.000e+04
851  8.510e+07    0.000e+00    0.000e+00   -3.000e+04
852  8.520e+07    0.000e+00    0.000e+00    3.000e+04
853  8.530e+07    0.000e+00    0.000e+00   -3.000e+04
854  8.540e+07    0.000e+00    0.000e+00    3.000e+04
855  8.550e+07    0.000e+00    0.000e+00   -3.000e+04
856  8.560e+07    0.000e+00    0.000e+00    3.000e+04
857  8.570e+07    0.000e+00    0.000e+00   -3.000e+04
858  8.580e+07    0.000e+00    0.000e+00    3.000e+04
859  8.590e+07    0.000e+00    0.000e+00   -3.000e+04
860  8.600e+07    0.000e+00    0.000e+00    3.000e+04
861  8.610e+07    0.000e+00    0.000e+00   -3.000e+04
862  8.620e+07    0.000e+00    0.000e+00    3.000e+04
863  8.630e+07    0.000e+00    0.000e+00   -3.000e+04
864  8.640e+07    0.000e+00    0.000e+00    3.000e+04
865  8.650e+07    0.000e+00    0.000e+00   -3.000e+04
866  8.660e+07    0.000e+00    0.000e+00    3.000e+04
867  8.670e+07    0.000e+00    0.000e+00   -3.000e+04
868  8.680e+07    0.000e+00    0.000e+00    3.000e+04
869  8.690e+07    0.000e+00    0.000e+00   -3.000e+04
870  8.700e+07    0.000e+00    0.000e+00    3.000e+04
871  8.710e+07    0.000e+00    0.000e+00   -3.000e+04
872  8.720e+07    0.000e+00    0.000e+00    3.000e+04
873  8.730e+07    0.000e+00    0.000e+00   -3.000e+04
874  8.740e+07    0.000e+00    0.000e+00    3.000e+04
875  8.750e+07    0.000e+00    0.000e+00   -3.000e+04
876  8.760e+07    0.000e+00    0.000e+00    3.000e+04
877  8.770e+07    0.000e+00    0.000e+00   -3.000e+04
878  8.780e+07    0.000e+00    0.000e+00    3.000e+04
879  8.790e+07    0.000e+00    0.000e+00   -3.000e+04
880  8.800e+07    0.000e+00    0.000e+00    3.000e+04
881  8.810e+07    0.000e+00    0.000e+00   -3.000e+04
882  8.820e+07    0.000e+00    0.000e+00    3.000e+04
883  8.830e+07    0.000e+00    0.000e+00   -3.000e+04
884  8.840e+07    0.000e+00    0.000e+00    3.000e+04
885  8.850e+07    0.000e+00    0.000e+00   -3.000e+04
886  8.860e+07    0.000e+00    0.000e+00    3.000e+04
887  8.870e+07    0.000e+00    0.000e+00   -3.000e+04
888  8.880e+07    0.000e+00    0.000e+00    3.000e+04
889  8.890e+07    0.000e+00    0.000e+00   -3.000e+04
890  8.900e+07    0.000e+00    0.000e+00    3.000e+04
891  8.910e+07    0.000e+00    0.000e+00   -3.000e+04
892  8.920e+07    0.000e+00    0.000e+00    3.000e+04
893  8.930e+07    0.000e+00    0.000e+00   -3.000e+04
894  8.940e+07    0.000e+00    0.000e+00    3.000e+04
895  8.950e+07    0.000e+00    0.000e+00   -3.000e+04
896  8.960e+07    0.000e+00    0.000e+00    3.000e+04
897  8.970e+07    0.000e+00    0.000e+00   -3.000e+04
898  8.980e+07    0.000e+00    0.000e+00    3.000e+04
899  8.990e+07    0.000e+00    0.000e+00   -3.000e+04
900  9.000e+07    0.000e+00    0.000e+00    3.000e+04
901  9.010e+07    0.000e+00    0.000e+00   -3.000e+04
902  9.020e+07    0.000e+00    0.000e+00    3.000e+04
903  9.030e+07    0.000e+00    0.000e+00   -3.000e+04
904  9.040e+07    0.000e+00    0.000e+00    3.000e+04
905  9.050e+07    0.000e+00    0.000e+00   -3.000e+04
906  9.060e+07    0.000e+00    0.000e+00    3.000e+04
907  9.070e+07    0.000e+00    0.000e+00   -3.000e+04
908  9.080e+07    0.000e+00    0.000e+00    3.000e+04
909  9.090e+07    0.000e+00    0.000e+00   -3.000e+04
910  9.100e+07    0.000e+00    0.000e+00    3.000e+04
911  9.110e+07    0.000e+00    0.000e+00   -3.000e+04
912  9.120e+07    0.000e+00    0.000e+00    3.000e+04
913  9.130e+07    0.000e+00    0.000e+00   -3.000e+04
914  9.140e+07    0.000e+00    0.000e+00    3.000e+04
915  9.150e+07    0.000e+00    0.000e+00   -3.000e+04
916  9.160e+07    0.000e+00    0.000e+00    3.000e+04
917  9.170e+07    0.000e+00    0.000e+00   -3.000e+04
918  9.180e+07    0.000e+00    0.000e+00    3.000e+04
919  9.190e+07    0.000e+00    0.000e+00   -3.000e+04
920  9.200e+07    0.000e+00    0.000e+00    3.000e+04
921  9.210e+07    0.000e+00    0.000e+00   -3.000e+04
922  9.220e+07    0.000e+00    0.000e+00    3.000e+04
923  9.230e+07    0.000e+00    0.000e+00   -3.000e+04
924  9.240e+07    0.000e+00    0.000e+00    3.000e+04
925  9.250e+07    0.000e+00    0.000e+00   -3.000e+04
926  9.260e+07    0.000e+00    0.000e+00    3.000e+04
927  9.270e+07    0.000e+00    0.000e+00   -3.000e+04
928  9.280e+07    0.000e+00    0.000e+00    3.000e+04
929  9.290e+07    0.000e+00    0.000e+00   -3.000e+04
930  9.300e+07    0.000e+00    0.000e+00    3.000e+04
931  9.310e+07    0.000e+00    0.000e+00   -3.000e+04
932  9.320e+07    0.000e+00    0.000e+00    3.000e+04
933  9.330e+07    0.000e+00    0.000e+00   -3.000e+04
934  9.340e+07    0.000e+00    0.000e+00    3.000e+04
935  9.350e+07    0.000e+00    0.000e+00   -3.000e+04
936  9.360e+07    0.000e+00    0.000e+00    3.000e+04
937  9.370e+07    0.000e+00    0.000e+00   -3.000e+04
938  9.380e+07    0.000e+00    0.000e+00    3.000e+04
939  9.390e+07    0.000e+00    0.000e+00   -3.000e+04
940  9.400e+07    0.000e+00    0.000e+00    3.000e+04
941  9.410e+07    0.000e+00    0.000e+00   -3.000e+04
942  9.420e+07    0.000e+00    0.000e+00    3.000e+04
943  9.430e+07    0.000e+00    0.000e+00   -3.000e+04
944  9.440e+07    0.000e+00    0.000e+00    3.000e+04
945  9.450e+07    0.000e+00    0.000e+00   -3.000e+04
946  9.460e+07    0.000e+00    0.000e+00    3.000e+04
947  9.470e+07    0.000e+00    0.000e+00   -3.000e+04
948  9.480e+07    0.000e+00    0.000e+00    3.000e+04
949  9.490e+07    0.000e+00    0.000e+00   -3.000e+04
950  9.500e+07    0.000e+00    0.000e+00    3.000e+04
951  9.510e+07    0.000e+00    0.000e+00   -3.000e+04
952  9.520e+07    0.000e+00    0.000e+00    3.000e+04
953  9.530e+07    0.000e+00    0.000e+00   -3.000e+04
954  9.540e+07    0.000e+00    0.000e+00    3.000e+04
955  9.550e+07    0.000e+00    0.000e+00   -3.000e+04
956  9.560e+07    0.000e+00    0.000e+00    3.000e+04
957  9.570e+07    0.000e+00    0.000e+00   -3.000e+04
958  9.580e+07    0.000e+00    0.000e+00    3.000e+04
959  9.590e+07    0.000e+00    0.000e+00   -3.000e+04
960  9.600e+07    0.000e+00    0.000e+00    3.000e+04
961  9.610e+07    0.000e+00    0.000e+00   -3.000e+04
962  9.620e+07    0.000e+00    0.000e+00    3.000e+04
963  9.630e+07    0.000e+00    0.000e+00   -3.000e+04
964  9.640e+07    0.000e+00    0.000e+00    3.000e+04
965  9.650e+07    0.000e+00    0.000e+00   -3.000e+04
966  9.660e+07    0.000e+00    0.000e+00    3.000e+04
967  9.670e+07    0.000e+00    0.000e+00   -3.000e+04
968  9.680e+07    0.000e+00    0.000e+00    3.000e+04
969  9.690e+07    0.000e+00    0.000e+00   -3.000e+04
970  9.700e+07    0.000e+00    0.000e+00    3.000e+04
971  9.710e+07    0.000e+00    0.000e+00   -3.000e+04
972  9.720e+07    0.000e+00    0.000e+00    3.000e+04
973  9.730e+07    0.000e+00    0.000e+00   -3.000e+04
974  9.740e+07    0.000e+00    0.000e+00    3.000e+04
975  9.750e+07    0.000e+00    0.000e+00   -3.000e+04
976  9.760e+07    0.000e+00    0.000e+00    3.000e+04
977  9.770e+07    0.000e+00    0.000e+00   -3.000e+04
978  9.780e+07    0.000e+00    0.000e+00    3.000e+04
979  9.790e+07    0.000e+00    0.000e+00   -3.000e+04
980  9.800e+07    0.000e+00    0.000e+00    3.000e+04
981  9.810e+07    0.000e+00    0.000e+00   -3.000e+04
982  9.820e+07    0.000e+00    0.000e+00    3.000e+04
983  9.830e+07    0.000e+00    0.000e+00   -3.000e+04
984  9.840e+07    0.000e+00    0.000e+00    3.000e+04
985  9.850e+07    0.000e+00    0.000e+00   -3.000e+04
986  9.860e+07    0.000e+00    0.000e+00    3.000e+04
987  9.870e+07    0.000e+00    0.000e+00   -3.000e+04
988  9.880e+07    0.000e+00    0.000e+00    3.000e+04
989  9.890e+07    0.000e+00    0.000e+00   -3.000e+04
990  9.900e+07    0.000e+00    0.000e+00    3.000e+04
991  9.910e+07    0.000e+00    0.000e+00   -3.000e+04
992  9.920e+07    0.000e+00    0.000e+00    3.000e+04
993  9.930e+07    0.000e+00    0.000e+00   -3.000e+04
994  9.940e+07    0.000e+00    0.000e+00    3.000e+04
995  9.950e+07    0.000e+00    0.000e+00   -3.000e+04
996  9.960e+07    0.000e+00    0.000e+00    3.000e+04
997  9.970e+07    0.000e+00    0.000e+00   -3.000e+04
998  9.980e+07    0.000e+00    0.000e+00    3.000e+04
999  9.990e+07    0.000e+00    0.000e+00   -3.000e+04
1000  1.000e+08    0.000e+00    0.000e+00    3.000e+04
1001  1.001e+08    0.000e+00    0.000e+00   -3.000e+04
1002  1.002e+08    0.000e+00    0.000e+00    3.000e+04
1003  1.003e+08    0.000e+00    0.000e+00   -3.000e+04
1004  1.004e+08    0.000e+00    0.000e+00    3.000e+04
1005  1.005e+08    0.000e+00    0.000e+00   -3.000e+04
1006  1.006e+08    0.000e+00    0.000e+00    3.000e+04
1007  1.007e+08    0.000e+00    0.000e+00   -3.000e+04
1008  1.008e+08    0.000e+00    0.000e+00    3.000e+04
1009  1.009e+08    0.000e+00    0.000e+00   -3.000e+04
1010  1.010e+08    0.000e+00    0.000e+00    3.000e+04
1011  1.011e+08    0.000e+00    0.000e+00   -3.000e+04
1012  1.012e+08    0.000e+00    0.000e+00    3.000e+04
1013  1.013e+08    0.000e+00    0.000e+00   -3.000e+04
1014  1.014e+08    0.000e+00    0.000e+00    3.000e+04
1015  1.015e+08    0.000e+00    0.000e+00   -3.000e+04
1016  1.016e+08    0.000e+00    0.000e+00    3.000e+04
1017  1.017e+08    0.000e+00    0.000e+00   -3.000e+04
1018  1.018e+08    0.000e+00    0.000e+00    3.000e+04
1019  1.019e+08    0.000e+00    0.000e+00   -3.000e+04
1020  1.020e+08    0.000e+00    0.000e+00    3.000e+04
1021  1.021e+08    0.000e+00    0.000e+00   -3.000e+04
1022  1.022e+08    0.000e+00    0.000e+00    3.000e+04
1023  1.023e+08    0.000e+00    0.000e+00   -3.000e+04
1024  1.024e+08    0.000e+00    0.000e+00    3.000e+04
1025  1.025e+08    0.000e+00    0.000e+00   -3.000e+04
1026  1.026e+08    0.000e+00    0.000e+00    3.000e+04
1027  1.027e+08    0.000e+00    0.000e+00   -3.000e+04
1028  1.028e+08    0.000e+00    0.000e+00    3.000e+04
1029  1.029e+08    0.000e+00    0.000e+00   -3.000e+04
1030  1.030e+08    0.000e+00    0.000e+00    3.000e+04
1031  1.031e+08    0.000e+00    0.000e+00   -3.000e+04
1032  1.032e+08    0.000e+00    0.000e+00    3.000e+04
1033  1.033e+08    0.000e+00    0.000e+00   -3.000e+04
1034  1.034e+08    0.000e+00    0.000e+00    3.000e+04
1035  1.035e+08    0.000e+00    0.000e+00   -3.000e+04
1036  1.036e+08    0.000e+00    0.000e+00    3.000e+04
1037  1.037e+08    0.000e+00    0.000e+00   -3.000e+04
1038  1.038e+08    0.000e+00    0.000e+00    3.000e+04
1039  1.039e+08    0.000e+00    0.000e+00   -3.000e+04
1040  1.040e+08    0.000e+00    0.000e+00    3.000e+04
1041  1.041e+08    0.000e+00    0.000e+00   -3.000e+04
1042  1.042e+08    0.000e+00    0.000e+00    3.000e+04
1043  1.043e+08    0.000e+00    0.000e+00   -3.000e+04
1044  1.044e+08    0.000e+00    0.000e+00    3.000e+04
1045  1.045e+08    0.000e+00    0.000e+00   -3.000e+04
1046  1.046e+08    0.000e+00    0.000e+00    3.000e+04
1047  1.047e+08    0.000e+00    0.000e+00   -3.000e+04
1048  1.048e+08    0.000e+00    0.000e+00    3.000e+04
1049  1.049e+08    0.000e+00    0.000e+00   -3.000e+04
1050  1.050e+08    0.000e+00    0.000e+00    3.000e+04
1051  1.051e+08    0.000e+00    0.000e+00   -3.000e+04
1052  1.052e+08    0.000e+00    0.000e+00    3.000e+04
1053  1.053e+08    0.000e+00    0.000e+00   -3.000e+04
1054  1.054e+08    0.000e+00    0.000e+00    3.000e+04
1055  1.055e+08    0.000e+00    0.000e+00   -3.000e+04
1056  1.056e+08    0.000e+00    0.000e+00    3.000e+04
1057  1.057e+08    0.000e+00    0.000e+00   -3.000e+04
1058  1.058e+08    0.000e+00    0.000e+00    3.000e+04
1059  1.059e+08    0.000e+00    0.000e+00   -3.000e+04
1060  1.060e+08    0.000e+00    0.000e+00    3.000e+04
1061  1.061e+08    0.000e+00    0.000e+00   -3.000e+04
1062  1.062e+08    0.000e+00    0.000e+00    3.000e+04
1063  1.063e+08    0.000e+00    0.000e+00   -3.000e+04
1064  1.064e+08    0.000e+00    0.000e+00    3.000e+04
1065  1.065e+08    0.000e+00    0.000e+00   -3.000e+04
1066  1.066e+08    0.000e+00    0.000e+00    3.000e+04
1067  1.067e+08    0.000e+00    0.000e+00   -3.000e+04
1068  1.068e+08    0.000e+00    0.000e+00    3.000e+04
1069  1.069e+08    0.000e+00    0.000e+00   -3.000e+04
1070  1.070e+08    0.000e+00    0.000e+00    3.000e+04
1071  1.071e+08    0.000e+00    0.000e+00   -3.000e+04
1072  1.072e+08    0.000e+00    0.000e+00    3.000e+04
1073  1.073e+08    0.000e+00    0.000e+00   -3.000e+04
1074  1.074e+08    0.000e+00    0.000e+00    3.000e+04
1075  1.075e+08    0.000e+00    0.000e+00   -3.000e+04
1076  1.076e+08    0.000e+00    0.000e+00    3.000e+04
1077  1.077e+08    0.000e+00    0.000e+00   -3.000e+04
1078  1.078e+08    0.000e+00    0.000e+00    3.000e+04
1079  1.079e+08    0.000e+00    0.000e+00   -3.000e+04
1080  1.080e+08    0.000e+00    0.000e+00    3.000e+04
1081  1.081e+08    0.000e+00    0.000e+00   -3.000e+04
1082  1.082e+08    0.000e+00    0.000e+00    3.000e+04
1083  1.083e+08    0.000e+00    0.000e+00   -3.000e+04
1084  1.084e+08    0.000e+00    0.000e+00    3.000e+04
1085  1.085e+08    0.000e+00    0.000e+00   -3.000e+04
1086  1.086e+08    0.000e+00    0.000e+00    3.000e+04
1087  1.087e+08    0.000e+00    0.000e+00   -3.000e+04
1088  1.088e+08    0.000e+00    0.000e+00    3.000e+04
1089  1.089e+08    0.000e+00    0.000e+00   -3.000e+04
1090  1.090e+08    0.000e+00    0.000e+00    3.000e+04
1091  1.091e+08    0.000e+00    0.000e+00   -3.000e+04
1092  1.092e+08    0.000e+00    0.000e+00    3.000e+04
1093  1.093e+08    0.000e+00    0.000e+00   -3.000e+04
1094  1.094e+08    0.000e+00    0.000e+00    3.000e+04
1095  1.095e+08    0.000e+00    0.000e+00   -3.000e+04
1096  1.096e+08    0.000e+00    0.000e+00    3.000e+04
1097  1.097e+08    0.000e+00    0.000e+00   -3.000e+04
1098  1.098e+08    0.000e+00    0.000e+00    3.000e+04
1099  1.099e+08    0.000e+00    0.000e+00   -3.000e+04
1100  1.100e+08    0.000e+00    0.000e+00    3.000e+04
1101  1.101e+08    0.000e+00    0.000e+00   -3.000e+04
1102  1.102e+08    0.000e+00    0.000e+00    3.000e+04
1103  1.103e+08    0.000e+00    0.000e+00   -3.000e+04
1104  1.104e+08    0.000e+00    0.000e+00    3.000e+04
1105  1.105e+08    0.000e+00    0.000e+00   -3.000e+04
1106  1.106e+08    0.000e+00    0.000e+00    3.000e+04
1107  1.107e+08    0.000e+00    0.000e+00   -3.000e+04
1108  1.108e+08    0.000e+00    0.000e+00    3.000e+04
1109  1.109e+08    0.000e+00    0.000e+00   -3.000e+04
1110  1.110e+08    0.000e+00    0.000e+00    3.000e+04
1111  1.111e+08    0.000e+00    0.000e+00   -3.000e+04
1112  1.112e+08    0.000e+00    0.000e+00    3.000e+04
1113  1.113e+08    0.000e+00    0.000e+00   -3.000e+04
1114  1.114e+08    0.000e+00    0.000e+00    3.000e+04
1115  1.115e+08    0.000e+00    0.000e+00   -3.000e+04
1116  1.116e+08    0.000e+00    0.000e+00    3.000e+04
1117  1.117e+08    0.000e+00    0.000e+00   -3.000e+04
1118  1.118e+08    0.000e+00    0.000e+00    3.000e+04
1119  1.119e+08    0.000e+00    0.000e+00   -3.000e+04
1120  1.120e+08    0.000e+00    0.000e+00    3.000e+04
1121  1.121e+08    0.000e+00    0.000e+00   -3.000e+04
1122  1.122e+08    0.000e+00    0.000e+00    3.000e+04
1123  1.123e+08    0.000e+00    0.000e+00   -3.000e+04
1124  1.124e+08    0.000e+00    0.000e+00    3.000e+04
1125  1.125e+08    0.000e+00    0.000e+00   -3.000e+04
1126  1.126e+08    0.000e+00    0.000e+00    3.000e+04
1127  1.127e+08    0.000e+00    0.000e+00   -3.000e+04
1128  1.128e+08    0.000e+00    0.000e+00    3.000e+04
1129  1.129e+08    0.000e+00    0.000e+00   -3.000e+04
1130  1.130e+08    0.000e+00    0.000e+00    3.000e+04
1131  1.131e+08    0.000e+00    0.000e+00   -3.000e+04
1132  1.132e+08    0.000e+00    0.000e+00    3.000e+04
1133  1.133e+08    0.000e+00    0.000e+00   -3.000e+04
1134  1.134e+08    0.000e+00    0.000e+00    3.000e+04
1135  1.135e+08    0.000e+00    0.000e+00   -3.000e+04
1136  1.136e+08    0.000e+00    0.000e+00    3.000e+04
1137  1.137e+08    0.000e+00    0.000e+00   -3.000e+04
1138  1.138e+08    0.000e+00    0.000e+00    3.000e+04
1139  1.139e+08    0.000e+00    0.000e+00   -3.000e+04
1140  1.140e+08    0.000e+00    0.000e+00    3.000e+04
1141  1.141e+08    0.000e+00    0.000e+00   -3.000e+04
1142  1.142e+08    0.000e+00    0.000e+00    3.000e+04
1143  1.143e+08    0.000e+00    0.000e+00   -3.000e+04
1144  1.144e+08    0.000e+00    0.000e+00    3.000e+04
1145  1.145e+08    0.000e+00    0.000e+00   -3.000e+04
1146  1.146e+08    0.000e+00    0.000e+00    3.000e+04
1147  1.147e+08    0.000e+00    0.000e+00   -3.000e+04
1148  1.148e+08    0.000e+00    0.000e+00    3.000e+04
1149  1.149e+08    0.000e+00    0.000e+00   -3.000e+04
1150  1.150e+08    0.000e+00    0.000e+00    3.000e+04
1151  1.151e+08    0.000e+00    0.000e+00   -3.000e+04
1152  1.152e+08    0.000e+00    0.000e+00    3.000e+04
1153  1.153e+08    0.000e+00    0.000e+00   -3.000e+04
1154  1.154e+08    0.000e+00    0.000e+00    3.000e+04
1155  1.155e+08    0.000e+00    0.000e+00   -3.000e+04
1156  1.156e+08    0.000e+00    0.000e+00    3.000e+04
1157  1.157e+08    0.000e+00    0.000e+00   -3.000e+04
1158  1.158e+08    0.000e+00    0.000e+00    3.000e+04
1159  1.159e+08    0.000e+00    0.000e+00   -3.000e+04
1160  1.160e+08    0.000e+00    0.000e+00    3.000e+04
1161  1.161e+08    0.000e+00    0.000e+00   -3.000e+04
1162  1.162e+08    0.000e+00    0.000e+00    3.000e+04
1163  1.163e+08    0.000e+00    0.000e+00   -3.000e+04
1164  1.164e+08    0.000e+00    0.000e+00    3.000e+04
1165  1.165e+08    0.000e+00    0.000e+00   -3.000e+04
1166  1.166e+08    0.000e+00    0.000e+00    3.000e+04
1167  1.167e+08    0.000e+00    0.000e+00   -3.000e+04
1168  1.168e+08    0.000e+00    0.000e+00    3.000e+04
1169  1.169e+08    0.000e+00    0.000e+00   -3.000e+04
1170  1.170e+08    0.000e+00    0.000e+00    3.000e+04
1171  1.171e+08    0.000e+00    0.000e+00   -3.000e+04
1172  1.172e+08    0.000e+00    0.000e+00    3.000e+04
1173  1.173e+08    0.000e+00    0.000e+00   -3.000e+04
1174  1.174e+08    0.000e+00    0.000e+00    3.000e+04
1175  1.175e+08    0.000e+00    0.000e+00   -3.000e+04
1176  1.176e+08    0.000e+00    0.000e+00    3.000e+04
1177  1.177e+08    0.000e+00    0.000e+00   -3.000e+04
1178  1.178e+08    0.000e+00    0.000e+00    3.000e+04
1179  1.179e+08    0.000e+00    0.000e+00   -3.000e+04
1180  1.180e+08    0.000e+00    0.000e+00    3.000e+04
1181  1.181e+08    0.000e+00    0.000e+00   -3.000e+04
1182  1.182e+08    0.000e+00    0.000e+00    3.000e+04
1183  1.183e+08    0.000e+00    0.000e+00   -3.000e+04
1184  1.184e+08    0.000e+00    0.000e+00    3.000e+04
1185  1.185e+08    0.000e+00    0.000e+00   -3.000e+04
1186  1.186e+08    0.000e+00    0.000e+00    3.000e+04
1187  1.187e+08    0.000e+00    0.000e+00   -3.000e+04
1188  1.188e+08    0.000e+00    0.000e+00    3.000e+04
1189  1.189e+08    0.000e+00    0.000e+00   -3.000e+04
1190  1.190e+08    0.000e+00    0.000e+00    3.000e+04
1191  1.191e+08    0.000e+00    0.000e+00   -3.000e+04
1192  1.192e+08    0.000e+00    0.000e+00    3.000e+04
1193  1.193e+08    0.000e+00    0.000e+00   -3.000e+04
1194  1.194e+08    0.000e+00    0.000e+00    3.000e+04
1195  1.195e+08    0.000e+00    0.000e+00   -3.000e+04
1196  1.196e+08    0.000e+00    0.000e+00    3.000e+04
1197  1.197e+08    0.000e+00    0.000e+00   -3.000e+04
1198  1.198e+08    0.000e+00    0.000e+00    3.000e+04
1199  1.199e+08    0.000e+00    0.000e+00   -3.000e+04
1200  1.200e+08    0.000e+00    0.000e+00    3.000e+04
1201  1.201e+08    0.000e+00    0.000e+00   -3.000e+04
1202  1.202e+08    0.000e+00    0.000e+00    3.000e+04
1203  1.203e+08    0.000e+00    0.000e+00   -3.000e+04
1204  1.204e+08    0.000e+00    0.000e+00    3.000e+04
1205  1.205e+08    0.000e+00    0.000e+00   -3.000e+04
1206  1.206e+08    0.000e+00    0.000e+00    3.000e+04
1207  1.207e+08    0.000e+00    0.000e+00   -3.000e+04
1208  1.208e+08    0.000e+00    0.000e+00    3.000e+04
1209  1.209e+08    0.000e+00    0.000e+00   -3.000e+04
1210  1.210e+08    0.000e+00    0.000e+00    3.000e+04
1211  1.211e+08    0.000e+00    0.000e+00   -3.000e+04
1212  1.212e+08    0.000e+00    0.000e+00    3.000e+04
1213  1.213e+08    0.000e+00    0.000e+00   -3.000e+04
1214  1.214e+08    0.000e+00    0.000e+00    3.000e+04
1215  1.215e+08    0.000e+00    0.000e+00   -3.000e+04
1216  1.216e+08    0.000e+00    0.000e+00    3.000e+04
1217  1.217e+08    0.000e+00    0.000e+00   -3.000e+04
1218  1.218e+08    0.000e+00    0.000e+00    3.000e+04
1219  1.219e+08    0.000e+00    0.000e+00   -3.000e+04
1220  1.220e+08    0.000e+00    0.000e+00    3.000e+04
1221  1.221e+08    0.000e+00    0.000e+00   -3.000e+04
1222  1.222e+08    0.000e+00    0.000e+00    3.000e+04
1223  1.223e+08    0.000e+00    0.000e+00   -3.000e+04
1224  1.224e+08    0.000e+00    0.000e+00    3.000e+04
1225  1.225e+08    0.000e+00    0.000e+00   -3.000e+04
1226  1.226e+08    0.000e+00    0.000e+00    3.000e+04
1227  1.227e+08    0.000e+00    0.000e+00   -3.000e+04
1228  1.228e+08    0.000e+00    0.000e+00    3.000e+04
1229  1.229e+08    0.000e+00    0.000e+00   -3.000e+04
1230  1.230e+08    0.000e+00    0.000e+00    3.000e+04
1231  1.231e+08    0.000e+00    0.000e+00   -3.000e+04
1232  1.232e+08    0.000e+00    0.000e+00    3.000e+04
1233  1.233e+08    0.000e+00    0.000e+00   -3.000e+04
1234  1.234e+08    0.000e+00    0.000e+00    3.000e+04
1235  1.235e+08    0.000e+00    0.000e+00   -3.000e+04
1236  1.236e+08    0.000e+00    0.000e+00    3.000e+04
1237  1.237e+08    0.000e+00    0.000e+00   -3.000e+04
1238  1.238e+08    0.000e+00    0.000e+00    3.000e+04
1239  1.239e+08    0.000e+00    0.000e+00   -3.000e+04
1240  1.240e+08    0.000e+00    0.000e+00    3.000e+04
1241  1.241e+08    0.000e+00    0.000e+00   -3.000e+04
1242  1.242e+08    0.000e+00    0.000e+00    3.000e+04
1243  1.243e+08    0.000e+00    0.000e+00   -3.000e+04
1244  1.244e+08    0.000e+00    0.000e+00    3.000e+04
1245  1.245e+08    0.000e+00    0.000e+00   -3.000e+04
1246  1.246e+08    0.000e+00    0.000e+00    3.000e+04
1247  1.247e+08    0.000e+00    0.000e+00   -3.000e+04
1248  1.248e+08    0.000e+00    0.000e+00    3.000e+04
1249  1.249e+08    0.000e+00    0.000e+00   -3.000e+04
1250  1.250e+08    0.000e+00    0.000e+00    3.000e+04
1251  1.251e+08    0.000e+00    0.000e+00   -3.000e+04
1252  1.252e+08    0.000e+00    0.000e+00    3.000e+04
1253  1.253e+08    0.000e+00    0.000e+00   -3.000e+04
1254  1.254e+08    0.000e+00    0.000e+00    3.000e+04
1255  1.255e+08    0.000e+00    0.000e+00   -3.000e+04
1256  1.256e+08    0.000e+00    0.000e+00    3.000e+04
1257  1.257e+08    0.000e+00    0.000e+00   -3.000e+04
1258  1.258e+08    0.000e+00    0.000e+00    3.000e+04
1259  1.259e+08    0.000e+00    0.000e+00   -3.000e+04
1260  1.260e+08    0.000e+00    0.000e+00    3.000e+04
1261  1.261e+08    0.000e+00    0.000e+00   -3.000e+04
1262  1.262e+08    0.000e+00    0.000e+00    3.000e+04
1263  1.263e+08    0.000e+00    0.000e+00   -3.000e+04
1264  1.264e+08    0.000e+00    0.000e+00    3.000e+04
1265  1.265e+08    0.000e+00    0.000e+00   -3.000e+04
1266  1.266e+08    0.000e+00    0.000e+00    3.000e+04
1267  1.267e+08    0.000e+00    0.000e+00   -3.000e+04
1268  1.268e+08    0.000e+00    0.000e+00    3.000e+04
1269  1.269e+08    0.000e+00    0.000e+00   -3.000e+04
1270  1.270e+08    0.000e+00    0.000e+00    3.000e+04
1271  1.271e+08    0.000e+00    0.000e+00   -3.000e+04
1272  1.272e+08    0.000e+00    0.000e+00    3.000e+04
1273  1.273e+08    0.000e+00    0.000e+00   -3.000e+04
1274  1.274e+08    0.000e+00    0.000e+00    3.000e+04
1275  1.275e+08    0.000e+00    0.000e+00   -3.000e+04
1276  1.276e+08    0.000e+00    0.000e+00    3.000e+04
1277  1.277e+08    0.000e+00    0.000e+00   -3.000e+04
1278  1.278e+08    0.000e+00    0.000e+00    3.000e+04
1279  1.279e+08    0.000e+00    0.000e+00   -3.000e+04
1280  1.280e+08    0.000e+00    0.000e+00    3.000e+04
1281  1.281e+08    0.000e+00    0.000e+00   -3.000e+04
1282  1.282e+08    0.000e+00    0.000e+00    3.000e+04
1283  1.283e+08    0.000e+00    0.000e+00   -3.000e+04
1284  1.284e+08    0.000e+00    0.000e+00    3.000e+04
1285  1.285e+08    0.000e+00    0.000e+00   -3.000e+04
1286  1.286e+08    0.000e+00    0.000e+00    3.000e+04
1287  1.287e+08    0.000e+00    0.000e+00   -3.000e+04
1288  1.288e+08    0.000e+00    0.000e+00    3.000e+04
1289  1.289e+08    0.000e+00    0.000e+00   -3.000e+04
1290  1.290e+08    0.000e+00    0.000e+00    3.000e+04
1291  1.291e+08    0.000e+00    0.000e+00   -3.000e+04
1292  1.292e+08    0.000e+00    0.000e+00    3.000e+04
1293  1.293e+08    0.000e+00    0.000e+00   -3.000e+04
1294  1.294e+08    0.000e+00    0.000e+00    3.000e+04
1295  1.295e+08    0.000e+00    0.000e+00   -3.000e+04
1296  1.296e+08    0.000e+00    0.000e+00    3.000e+04
1297  1.297e+08    0.000e+00    0.000e+00   -3.000e+04
1298  1.298e+08    0.000e+00    0.000e+00    3.000e+04
1299  1.299e+08    0.000e+00    0.000e+00   -3.000e+04
1300  1.300e+08    0.000e+00    0.000e+00    3.000e+04
1301  1.301e+08    0.000e+00    0.000e+00   -3.000e+04
1302  1.302e+08    0.000e+00    0.000e+00    3.000e+04
1303  1.303e+08    0.000e+00    0.000e+00   -3.000e+04
1304  1.304e+08    0.000e+00    0.000e+00    3.000e+04
1305  1.305e+08    0.000e+00    0.000e+00   -3.000e+04
1306  1.306e+08    0.000e+00    0.000e+00    3.000e+04
1307  1.307e+08    0.000e+00    0.000e+00   -3.000e+04
1308  1.308e+08    0.000e+00    0.000e+00    3.000e+04
1309  1.309e+08    0.000e+00    0.000e+00   -3.000e+04
1310  1.310e+08    0.000e+00    0.000e+00    3.000e+04
1311  1.311e+08    0.000e+00    0.000e+00   -3.000e+04
1312  1.312e+08    0.000e+00    0.000e+00    3.000e+04
1313  1.313e+08    0.000e+00    0.000e+00   -3.000e+04
1314  1.314e+08    0.000e+00    0.000e+00    3.000e+04
1315  1.315e+08    0.000e+00    0.000e+00   -3.000e+04
1316  1.316e+08    0.000e+00    0.000e+00    3.000e+04
1317  1.317e+08    0.000e+00    0.000e+00   -3.000e+04
1318  1.318e+08    0.000e+00    0.000e+00    3.000e+04
1319  1.319e+08    0.000e+00    0.000e+00   -3.000e+04
1320  1.320e+08    0.000e+00    0.000e+00    3.000e+04
1321  1.321e+08    0.000e+00    0.000e+00   -3.000e+04
1322  1.322e+08    0.000e+00    0.000e+00    3.000e+04
1323  1.323e+08    0.000e+00    0.000e+00   -3.000e+04
1324  1.324e+08    0.000e+00    0.000e+00    3.000e+04
1325  1.325e+08    0.000e+00    0.000e+00   -3.000e+04
1326  1.326e+08    0.000e+00    0.000e+00    3.000e+04
1327  1.327e+08    0.000e+00    0.000e+00   -3.000e+04
1328  1.328e+08    0.000e+00    0.000e+00    3.000e+04
1329  1.329e+08    0.000e+00    0.000e+00   -3.000e+04
1330  1.330e+08    0.000e+00    0.000e+00    3.000e+04
1331  1.331e+08    0.000e+00    0.000e+00   -3.000e+04
1332  1.332e+08    0.000e+00    0.000e+00    3.000e+04
1333  1.333e+08    0.000e+00    0.000e+00   -3.000e+04
1334  1.334e+08    0.000e+00    0.000e+00    3.000e+04
1335  1.335e+08    0.000e+00    0.000e+00   -3.000e+04
1336  1.336e+08    0.000e+00    0.000e+00    3.000e+04
1337  1.337e+08    0.000e+00    0.000e+00   -3.000e+04
1338  1.338e+08    0.000e+00    0.000e+00    3.000e+04
1339  1.339e+08    0.000e+00    0.000e+00   -3.000e+04
1340  1.340e+08    0.000e+00    0.000e+00    3.000e+04
1341  1.341e+08    0.000e+00    0.000e+00   -3.000e+04
1342  1.342e+08    0.000e+00    0.000e+00    3.000e+04
1343  1.343e+08    0.000e+00    0.000e+00   -3.000e+04
1344  1.344e+08    0.000e+00    0.000e+00    3.000e+04
1345  1.345e+08    0.000e+00    0.000e+00   -3.000e+04
1346  1.346e+08    0.000e+00    0.000e+00    3.000e+04
1347  1.347e+08    0.000e+00    0.000e+00   -3.000e+04
1348  1.348e+08    0.000e+00    0.000e+00    3.000e+04
1349  1.349e+08    0.000e+00    0.000e+00   -3.000e+04
1350  1.350e+08    0.000e+00    0.000e+00    3.000e+04
1351  1.351e+08    0.000e+00    0.000e+00   -3.000e+04
1352  1.352e+08    0.000e+00    0.000e+00    3.000e+04
1353  1.353e+08    0.000e+00    0.000e+00   -3.000e+04
1354  1.354e+08    0.000e+00    0.000e+00    3.000e+04
1355  1.355e+08    0.000e+00    0.000e+00   -3.000e+04
1356  1.356e+08    0.000e+00    0.000e+00    3.000e+04
1357  1.357e+08    0.000e+00    0.000e+00   -3.000e+04
1358  1.358e+08    0.000e+00    0.000e+00    3.000e+04
1359  1.359e+08    0.000e+00    0.000e+00   -3.000e+04
1360  1.360e+08    0.000e+00    0.000e+00    3.000e+04
1361  1.361e+08    0.000e+00    0.000e+00   -3.000e+04
1362  1.362e+08    0.000e+00    0.000e+00    3.000e+04
1363  1.363e+08    0.000e+00    0.000e+00   -3.000e+04
1364  1.364e+08    0.000e+00    0.000e+00    3.000e+04
1365  1.365e+08    0.000e+00    0.000e+00   -3.000e+04
1366  1.366e+08    0.000e+00    0.000e+00    3.000e+04
1367  1.367e+08    0.000e+00    0.000e+00   -3.000e+04
1368  1.368e+08    0.000e+00    0.000e+00    3.000e+04
1369  1.369e+08    0.000e+00    0.000e+00   -3.000e+04
1370  1.370e+08    0.000e+00    0.000e+00    3.000e+04
1371  1.371e+08    0.000e+00    0.000e+00   -3.000e+04
1372  1.372e+08    0.000e+00    0.000e+00    3.000e+04
1373  1.373e+08    0.000e+00    0.000e+00   -3.000e+04
1374  1.374e+08    0.000e+00    0.000e+00    3.000e+04
1375  1.375e+08    0.000e+00    0.000e+00   -3.000e+04
1376  1.376e+08    0.000e+00    0.000e+00    3.000e+04
1377  1.377e+08    0.000e+00    0.000e+00   -3.000e+04
1378  1.378e+08    0.000e+00    0.000e+00    3.000e+04
1379  1.379e+08    0.000e+00    0.000e+00   -3.000e+04
1380  1.380e+08    0.000e+00    0.000e+00    3.000e+04
1381  1.381e+08    0.000e+00    0.000e+00   -3.000e+04
1382  1.382e+08    0.000e+00    0.000e+00    3.000e+04
1383  1.383e+08    0.000e+00    0.000e+00   -3.000e+04
1384  1.384e+08    0.000e+00    0.000e+00    3.000e+04
1385  1.385e+08    0.000e+00    0.000e+00   -3.000e+04
1386  1.386e+08    0.000e+00    0.000e+00    3.000e+04
1387  1.387e+08    0.000e+00    0.000e+00   -3.000e+04
1388  1.388e+08    0.000e+00    0.000e+00    3.000e+04
1389  1.389e+08    0.000e+00    0.000e+00   -3.000e+04
1390  1.390e+08    0.000e+00    0.000e+00    3.000e+04
1391  1.391e+08    0.000e+00    0.000e+00   -3.000e+04
1392  1.392e+08    0.000e+00    0.000e+00    3.000e+04
1393  1.393e+08    0.000e+00    0.000e+00   -3.000e+04
1394  1.394e+08    0.000e+00    0.000e+00    3.000e+04
1395  1.395e+08    0.000e+00    0.000e+00   -3.000e+04
1396  1.396e+08    0.000e+00    0.000e+00    3.000e+04
1397  1.397e+08    0.000e+00    0.000e+00   -3.000e+04
1398  1.398e+08    0.000e+00    0.000e+00    3.000e+04
1399  1.399e+08    0.000e+00    0.000e+00   -3.000e+04
1400  1.400e+08    0.000e+00    0.000e+00    3.000e+04
1401  1.401e+08    0.000e+00    0.000e+00   -3.000e+04
1402  1.402e+08    0.000e+00    0.000e+00    3.000e+04
1403  1.403e+08    0.000e+00    0.000e+00   -3.000e+04
1404  1.404e+08    0.000e+00    0.000e+00    3.000e+04
1405  1.405e+08    0.000e+00    0.000e+00   -3.000e+04
1406  1.406e+08    0.000e+00    0.000e+00    3.000e+04
1407  1.407e+08    0.000e+00    0.000e+00   -3.000e+04
1408  1.408e+08    0.000e+00    0.000e+00    3.000e+04
1409  1.409e+08    0.000e+00    0.000e+00   -3.000e+04
1410  1.410e+08    0.000e+00    0.000e+00    3.000e+04
1411  1.411e+08    0.000e+00    0.000e+00   -3.000e+04
1412  1.412e+08    0.000e+00    0.000e+00    3.000e+04
1413  1.413e+08    0.000e+00    0.000e+00   -3.000e+04
1414  1.414e+08    0.000e+00    0.000e+00    3.000e+04
1415  1.415e+08    0.000e+00    0.000e+00   -3.000e+04
1416  1.416e+08    0.000e+00    0.000e+00    3.000e+04
1417  1.417e+08    0.000e+00    0.000e+00   -3.000e+04
1418  1.418e+08    0.000e+00    0.000e+00    3.000e+04
1419  1.419e+08    0.000e+00    0.000e+00   -3.000e+04
1420  1.420e+08    0.000e+00    0.000e+00    3.000e+04
1421  1.421e+08    0.000e+00    0.000e+00   -3.000e+04
1422  1.422e+08    0.000e+00    0.000e+00    3.000e+04
1423  1.423e+08    0.000e+00    0.000e+00   -3.000e+04
1424  1.424e+08    0.000e+00    0.000e+00    3.000e+04
1425  1.425e+08    0.000e+00    0.000e+00   -3.000e+04
1426  1.426e+08    0.000e+00    0.000e+00    3.000e+04
1427  1.427e+08    0.000e+00    0.000e+00   -3.000e+04
1428  1.428e+08    0.000e+00    0.000e+00    3.000e+04
1429  1.429e+08    0.000e+00    0.000e+00   -3.000e+04
1430  1.430e+08    0.000e+00    0.000e+00    3.000e+04
1431  1.431e+08    0.000e+00    0.000e+00   -3.000e+04
1432  1.432e+08    0.000e+00    0.000e+00    3.000e+04
1433  1.433e+08    0.000e+00    0.000e+00   -3.000e+04
1434  1.434e+08    0.000e+00    0.000e+00    3.000e+04
1435  1.435e+08    0.000e+00    0.000e+00   -3.000e+04
1436  1.436e+08    0.000e+00    0.000e+00    3.000e+04
1437  1.437e+08    0.000e+00    0.000e+00   -3.000e+04
1438  1.438e+08    0.000e+00    0.000e+00    3.000e+04
1439  1.439e+08    0.000e+00    0.000e+00   -3.000e+04
1440  1.440e+08    0.000e+00    0.000e+00    3.000e+04
1441  1.441e+08    0.000e+00    0.000e+00   -3.000e+04
1442  1.442e+08    0.000e+00    0.000e+00    3.000e+04
1443  1.443e+08    0.000e+00    0.000e+00   -3.000e+04
1444  1.444e+08    0.000e+00    0.000e+00    3.000e+04
1445  1.445e+08    0.000e+00    0.000e+00   -3.000e+04
1446  1.446e+08    0.000e+00    0.000e+00    3.000e+04
1447  1.447e+08    0.000e+00    0.000e+00   -3.000e+04
1448  1.448e+08    0.000e+00    0.000e+00    3.000e+04
1449  1.449e+08    0.000e+00    0.000e+00   -3.000e+04
1450  1.450e+08    0.000e+00    0.000e+00    3.000e+04
1451  1.451e+08    0.000e+00    0.000e+00   -3.000e+04
1452  1.452e+08    0.000e+00    0.000e+00    3.000e+04
1453  1.453e+08    0.000e+00    0.000e+00   -3.000e+04
1454  1.454e+08    0.000e+00    0.000e+00    3.000e+04
1455  1.455e+08    0.000e+00    0.000e+00   -3.000e+04
1456  1.456e+08    0.000e+00    0.000e+00    3.000e+04
1457  1.457e+08    0.000e+00    0.000e+00   -3.000e+04
1458  1.458e+08    0.000e+00    0.000e+00    3.000e+04
1459  1.459e+08    0.000e+00    0.000e+00   -3.000e+04
1460  1.460e+08    0.000e+00    0.000e+00    3.000e+04
1461  1.461e+08    0.000e+00    0.000e+00   -3.000e+04
1462  1.462e+08    0.000e+00    0.000e+00    3.000e+04
1463  1.463e+08    0.000e+00    0.000e+00   -3.000e+04
1464  1.464e+08    0.000e+00    0.000e+00    3.000e+04
1465  1.465e+08    0.000e+00    0.000e+00   -3.000e+04
1466  1.466e+08    0.000e+00    0.000e+00    3.000e+04
1467  1.467e+08    0.000e+00    0.000e+00   -3.000e+04
1468  1.468e+08    0.000e+00    0.000e+00    3.000e+04
1469  1.469e+08    0.000e+00    0.000e+00   -3.000e+04
1470  1.470e+08    0.000e+00    0.000e+00    3.000e+04
1471  1.471e+08    0.000e+00    0.000e+00   -3.000e+04
1472  1.472e+08    0.000e+00    0.000e+00    3.000e+04
1473  1.473e+08    0.000e+00    0.000e+00   -3.000e+04
1474  1.474e+08    0.000e+00    0.000e+00    3.000e+04
1475  1.475e+08    0.000e+00    0.000e+00   -3.000e+04
1476  1.476e+08    0.000e+00    0.000e+00    3.000e+04
1477  1.477e+08    0.000e+00    0.000e+00   -3.000e+04
1478  1.478e+08    0.000e+00    0.000e+00    3.000e+04
1479  1.479e+08    0.000e+00    0.000e+00   -3.000e+04
1480  1.480e+08    0.000e+00    0.000e+00    3.000e+04
1481  1.481e+08    0.000e+00    0.000e+00   -3.000e+04
1482  1.482e+08    0.000e+00    0.000e+00    3.000e+04
1483  1.483e+08    0.000e+00    0.000e+00   -3.000e+04
1484  1.484e+08    0.000e+00    0.000e+00    3.000e+04
1485  1.485e+08    0.000e+00    0.000e+00   -3.000e+04
1486  1.486e+08    0.000e+00    0.000e+00    3.000e+04
1487  1.487e+08    0.000e+00    0.000e+00   -3.000e+04
1488  1.488e+08    0.000e+00    0.000e+00    3.000e+04
1489  1.489e+08    0.000e+00    0.000e+00   -3.000e+04
1490  1.490e+08    0.000e+00    0.000e+00    3.000e+04
1491  1.491e+08    0.000e+00    0.000e+00   -3.000e+04
1492  1.492e+08    0.000e+00    0.000e+00    3.000e+04
1493  1.493e+08    0.000e+00    0.000e+00   -3.000e+04
1494  1.494e+08    0.000e+00    0.000e+00    3.000e+04
1495  1.495e+08    0.000e+00    0.000e+00   -3.000e+04
1496  1.496e+08    0.000e+00    0.000e+00    3.000e+04
1497  1.497e+08    0.000e+00    0.000e+00   -3.000e+04
1498  1.498e+08    0.000e+00    0.000e+00    3.000e+04
1499  1.499e+08    0.000e+00    0.000e+00   -3.000e+04
1500  1.500e+08    0.000e+00    0.000e+00    3.000e+04
1501  1.501e+08    0.000e+00    0.000e+00   -3.000e+04
1502  1.502e+08    0.000e+00    0.000e+00    3.000e+04
1503  1.503e+08    0.000e+00    0.000e+00   -3.000e+04
1504  1.504e+08    0.000e+00    0.000e+00    3.000e+04
1505  1.505e+08    0.000e+00    0.000e+00   -3.000e+04
1506  1.506e+08    0.000e+00    0.000e+00    3.000e+04
1507  1.507e+08    0.000e+00    0.000e+00   -3.000e+04
1508  1.508e+08    0.000e+00    0.000e+00    3.000e+04
1509  1.509e+08    0.000e+00    0.000e+00   -3.000e+04
1510  1.510e+08    0.000e+00    0.000e+00    3.000e+04
1511  1.511e+08    0.000e+00    0.000e+00   -3.000e+04
1512  1.512e+08    0.000e+00    0.000e+00    3.000e+04
1513  1.513e+08    0.000e+00    0.000e+00   -3.000e+04
1514  1.514e+08    0.000e+00    0.000e+00    3.000e+04
1515  1.515e+08    0.000e+00    0.000e+00   -3.000e+04
1516  1.516e+08    0.000e+00    0.000e+00    3.000e+04
1517  1.517e+08    0.000e+00    0.000e+00   -3.000e+04
1518  1.518e+08    0.000e+00    0.000e+00    3.000e+04
1519  1.519e+08    0.000e+00    0.000e+00   -3.000e+04
1520  1.520e+08    0.000e+00    0.000e+00    3.000e+04
1521  1.521e+08    0.000e+00    0.000e+00   -3.000e+04
1522  1.522e+08    0.000e+00    0.000e+00    3.000e+04
1523  1.523e+08    0.000e+00    0.000e+00   -3.000e+04
1524  1.524e+08    0.000e+00    0.000e+00    3.000e+04
1525  1.525e+08    0.000e+00    0.000e+00   -3.000e+04
1526  1.526e+08    0.000e+00    0.000e+00    3.000e+04
1527  1.527e+08    0.000e+00    0.000e+00   -3.000e+04
1528  1.528e+08    0.000e+00    0.000e+00    3.000e+04
1529  1.529e+08    0.000e+00    0.000e+00   -3.000e+04
1530  1.530e+08    0.000e+00    0.000e+00    3.000e+04
1531  1.531e+08    0.000e+00    0.000e+00   -3.000e+04
1532  1.532e+08    0.000e+00    0.000e+00    3.000e+04
1533  1.533e+08    0.000e+00    0.000e+00   -3.000e+04
1534  1.534e+08    0.000e+00    0.000e+00    3.000e+04
1535  1.535e+08    0.000e+00    0.000e+00   -3.000e+04
1536  1.536e+08    0.000e+00    0.000e+00    3.000e+04
1537  1.537e+08    0.000e+00    0.000e+00   -3.000e+04
1538  1.538e+08    0.000e+00    0.000e+00    3.000e+04
1539  1.539e+08    0.000e+00    0.000e+00   -3.000e+04
1540  1.540e+08    0.000e+00    0.000e+00    3.000e+04
1541  1.541e+08    0.000e+00    0.000e+00   -3.000e+04
1542  1.542e+08    0.000e+00    0.000e+00    3.000e+04
1543  1.543e+08    0.000e+00    0.000e+00   -3.000e+04
1544  1.544e+08    0.000e+00    0.000e+00    3.000e+04
1545  1.545e+08    0.000e+00    0.000e+00   -3.000e+04
1546  1.546e+08    0.000e+00    0.000e+00    3.000e+04
1547  1.547e+08    0.000e+00    0.000e+00   -3.000e+04
1548  1.548e+08    0.000e+00    0.000e+00    3.000e+04
1549  1.549e+08    0.000e+00    0.000e+00   -3.000e+04
1550  1.550e+08    0.000e+00    0.000e+00    3.000e+04
1551  1.551e+08    0.000e+00    0.000e+00   -3.000e+04
1552  1.552e+08    0.000e+00    0.000e+00    3.000e+04
1553  1.553e+08    0.000e+00    0.000e+00   -3.000e+04
1554  1.554e+08    0.000e+00    0.000e+00    3.000e+04
1555  1.555e+08    0.000e+00    0.000e+00   -3.000e+04
1556  1.556e+08    0.000e+00    0.000e+00    3.000e+04
1557  1.557e+08    0.000e+00    0.000e+00   -3.000e+04
1558  1.558e+08    0.000e+00    0.000e+00    3.000e+04
1559  1.559e+08    0.000e+00    0.000e+00   -3.000e+04
1560  1.560e+08    0.000e+00    0.000e+00    3.000e+04
1561  1.561e+08    0.000e+00    0.000e+00   -3.000e+04
1562  1.562e+08    0.000e+00    0.000e+00    3.000e+04
1563  1.563e+08    0.000e+00    0.000e+00   -3.000e+04
1564  1.564e+08    0.000e+00    0.000e+00    3.000e+04
1565  1.565e+08    0.000e+00    0.000e+00   -3.000e+04
1566  1.566e+08    0.000e+00    0.000e+00    3.000e+04
1567  1.567e+08    0.000e+00    0.000e+00   -3.000e+04
1568  1.568e+08    0.000e+00    0.000e+00    3.000e+04
1569  1.569e+08    0.000e+00    0.000e+00   -3.000e+04
1570  1.570e+08    0.000e+00    0.000e+00    3.000e+04
1571  1.571e+08    0.000e+00    0.000e+00   -3.000e+04
1572  1.572e+08    0.000e+00    0.000e+00    3.000e+04
1573  1.573e+08    0.000e+00    0.000e+00   -3.000e+04
1574  1.574e+08    0.000e+00    0.000e+00    3.000e+04
1575  1.575e+08    0.000e+00    0.000e+00   -3.000e+04
1576  1.576e+08    0.000e+00    0.000e+00    3.000e+04
1577  1.577e+08    0.000e+00    0.000e+00   -3.000e+04
1578  1.578e+08    0.000e+00    0.000e+00    3.000e+04
1579  1.579e+08    0.000e+00    0.000e+00   -3.000e+04
1580  1.580e+08    0.000e+00    0.000e+00    3.000e+04
1581  1.581e+08    0.000e+00    0.000e+00   -3.000e+04
1582  1.582e+08    0.000e+00    0.000e+00    3.000e+04
1583  1.583e+08    0.000e+00    0.000e+00   -3.000e+04
1584  1.584e+08    0.000e+00    0.000e+00    3.000e+04
1585  1.585e+08    0.000e+00    0.000e+00   -3.000e+04
1586  1.586e+08    0.000e+00    0.000e+00    3.000e+04
1587  1.587e+08    0.000e+00    0.000e+00   -3.000e+04
1588  1.588e+08    0.000e+00    0.000e+00    3.000e+04
1589  1.589e+08    0.000e+00    0.000e+00   -3.000e+04
1590  1.590e+08    0.000e+00    0.000e+00    3.000e+04
1591  1.591e+08    0.000e+00    0.000e+00   -3.000e+04
1592  1.592e+08    0.000e+00    0.000e+00    3.000e+04
1593  1.593e+08    0.000e+00    0.000e+00   -3.000e+04
1594  1.594e+08    0.000e+00    0.000e+00    3.000e+04
1595  1.595e+08    0.000e+00    0.000e+00   -3.000e+04
1596  1.596e+08    0.000e+00    0.000e+00    3.000e+04
1597  1.597e+08    0.000e+00    0.000e+00   -3.000e+04
1598  1.598e+08    0.000e+00    0.000e+00    3.000e+04
1599  1.599e+08    0.000e+00    0.000e+00   -3.000e+04
1600  1.600e+08    0.000e+00    0.000e+00    3.000e+04
1601  1.601e+08    0.000e+00    0.000e+00   -3.000e+04
1602  1.602e+08    0.000e+00    0.000e+00    3.000e+04
1603  1.603e+08    0.000e+00    0.000e+00   -3.000e+04
1604  1.604e+08    0.000e+00    0.000e+00    3.000e+04
1605  1.605e+08    0.000e+00    0.000e+00   -3.000e+04
1606  1.606e+08    0.000e+00    0.000e+00    3.000e+04
1607  1.607e+08    0.000e+00    0.000e+00   -3.000e+04
1608  1.608e+08    0.000e+00    0.000e+00    3.000e+04
1609  1.609e+08    0.000e+00    0.000e+00   -3.000e+04
1610  1.610e+08    0.000e+00    0.000e+00    3.000e+04
1611  1.611e+08    0.000e+00    0.000e+00   -3.000e+04
1612  1.612e+08    0.000e+00    0.000e+00    3.000e+04
1613  1.613e+08    0.000e+00    0.000e+00   -3.000e+04
1614  1.614e+08    0.000e+00    0.000e+00    3.000e+04
1615  1.615e+08    0.000e+00    0.000e+00   -3.000e+04
1616  1.616e+08    0.000e+00    0.000e+00    3.000e+04
1617  1.617e+08    0.000e+00    0.000e+00   -3.000e+04
1618  1.618e+08    0.000e+00    0.000e+00    3.000e+04
1619  1.619e+08    0.000e+00    0.000e+00   -3.000e+04
1620  1.620e+08    0.000e+00    0.000e+00    3.000e+04
1621  1.621e+08    0.000e+00    0.000e+00   -3.000e+04
1622  1.622e+08    0.000e+00    0.000e+00    3.000e+04
1623  1.623e+08    0.000e+00    0.000e+00   -3.000e+04
1624  1.624e+08    0.000e+00    0.000e+00    3.000e+04
1625  1.625e+08    0.000e+00    0.000e+00   -3.000e+04
1626  1.626e+08    0.000e+00    0.000e+00    3.000e+04
1627  1.627e+08    0.000e+00    0.000e+00   -3.000e+04
1628  1.628e+08    0.000e+00    0.000e+00    3.000e+04
1629  1.629e+08    0.000e+00    0.000e+00   -3.000e+04
1630  1.630e+08    0.000e+00    0.000e+00    3.000e+04
1631  1.631e+08    0.000e+00    0.000e+00   -3.000e+04
1632  1.632e+08    0.000e+00    0.000e+00    3.000e+04
1633  1.633e+08    0.000e+00    0.000e+00   -3.000e+04
1634  1.634e+08    0.000e+00    0.000e+00    3.000e+04
1635  1.635e+08    0.000e+00    0.000e+00   -3.000e+04
1636  1.636e+08    0.000e+00    0.000e+00    3.000e+04
1637  1.637e+08    0.000e+00    0.000e+00   -3.000e+04
1638  1.638e+08    0.000e+00    0.000e+00    3.000e+04
1639  1.639e+08    0.000e+00    0.000e+00   -3.000e+04
1640  1.640e+08    0.000e+00    0.000e+00    3.000e+04
1641  1.641e+08    0.000e+00    0.000e+00   -3.000e+04
1642  1.642e+08    0.000e+00    0.000e+00    3.000e+04
1643  1.643e+08    0.000e+00    0.000e+00   -3.000e+04
1644  1.644e+08    0.000e+00    0.000e+00    3.000e+04
1645  1.645e+08    0.000e+00    0.000e+00   -3.000e+04
1646  1.646e+08    0.000e+00    0.000e+00    3.000e+04
1647  1.647e+08    0.000e+00    0.000e+00   -3.000e+04
1648  1.648e+08    0.000e+00    0.000e+00    3.000e+04
1649  1.649e+08    0.000e+00    0.000e+00   -3.000e+04
1650  1.650e+08    0.000e+00    0.000e+00    3.000e+04
1651  1.651e+08    0.000e+00    0.000e+00   -3.000e+04
1652  1.652e+08    0.000e+00    0.000e+00    3.000e+04
1653  1.653e+08    0.000e+00    0.000e+00   -3.000e+04
1654  1.654e+08    0.000e+00    0.000e+00    3.000e+04
1655  1.655e+08    0.000e+00    0.000e+00   -3.000e+04
1656  1.656e+08    0.000e+00    0.000e+00    3.000e+04
1657  1.657e+08    0.000e+00    0.000e+00   -3.000e+04
1658  1.658e+08    0.000e+00    0.000e+00    3.000e+04
1659  1.659e+08    0.000e+00    0.000e+00   -3.000e+04
1660  1.660e+08    0.000e+00    0.000e+00    3.000e+04
1661  1.661e+08    0.000e+00    0.000e+00   -3.000e+04
1662  1.662e+08    0.000e+00    0.000e+00    3.000e+04
1663  1.663e+08    0.000e+00    0.000e+00   -3.000e+04
1664  1.664e+08    0.000e+00    0.000e+00    3.000e+04
1665  1.665e+08    0.000e+00    0.000e+00   -3.000e+04
1666  1.666e+08    0.000e+00    0.000e+00    3.000e+04
1667  1.667e+08    0.000e+00    0.000e+00   -3.000e+04
1668  1.668e+08    0.000e+00    0.000e+00    3.000e+04
1669  1.669e+08    0.000e+00    0.000e+00   -3.000e+04
1670  1.670e+08    0.000e+00    0.000e+00    3.000e+04
1671  1.671e+08    0.000e+00    0.000e+00   -3.000e+04
1672  1.672e+08    0.000e+00    0.000e+00    3.000e+04
1673  1.673e+08    0.000e+00    0.000e+00   -3.000e+04
1674  1.674e+08    0.000e+00    0.000e+00    3.000e+04
1675  1.675e+08    0.000e+00    0.000e+00   -3.000e+04
1676  1.676e+08    0.000e+00    0.000e+00    3.000e+04
1677  1.677e+08    0.000e+00    0.000e+00   -3.000e+04
1678  1.678e+08    0.000e+00    0.000e+00    3.000e+04
1679  1.679e+08    0.000e+00    0.000e+00   -3.000e+04
1680  1.680e+08    0.000e+00    0.000e+00    3.000e+04
1681  1.681e+08    0.000e+00    0.000e+00   -3.000e+04
1682  1.682e+08    0.000e+00    0.000e+00    3.000e+04
1683  1.683e+08    0.000e+00    0.000e+00   -3.000e+04
1684  1.684e+08    0.000e+00    0.000e+00    3.000e+04
1685  1.685e+08    0.000e+00    0.000e+00   -3.000e+04
1686  1.686e+08    0.000e+00    0.000e+00    3.000e+04
1687  1.687e+08    0.000e+00    0.000e+00   -3.000e+04
1688  1.688e+08    0.000e+00    0.000e+00    3.000e+04
1689  1.689e+08    0.000e+00    0.000e+00   -3.000e+04
1690  1.690e+08    0.000e+00    0.000e+00    3.000e+04
1691  1.691e+08    0.000e+00    0.000e+00   -3.000e+04
1692  1.692e+08    0.000e+00    0.000e+00    3.000e+04
1693  1.693e+08    0.000e+00    0.000e+00   -3.000e+04
1694  1.694e+08    0.000e+00    0.000e+00    3.000e+04
1695  1.695e+08    0.000e+00    0.000e+00   -3.000e+04
1696  1.696e+08    0.000e+00    0.000e+00    3.000e+04
1697  1.697e+08    0.000e+00    0.000e+00   -3.000e+04
1698  1.698e+08    0.000e+00    0.000e+00    3.000e+04
1699  1.699e+08    0.000e+00    0.000e+00   -3.000e+04
1700  1.700e+08    0.000e+00    0.000e+00    3.000e+04
1701  1.701e+08    0.000e+00    0.000e+00   -3.000e+04
1702  1.702e+08    0.000e+00    0.000e+00    3.000e+04
1703  1.703e+08    0.000e+00    0.000e+00   -3.000e+04
1704  1.704e+08    0.000e+00    0.000e+00    3.000e+04
1705  1.705e+08    0.000e+00    0.000e+00   -3.000e+04
1706  1.706e+08    0.000e+00    0.000e+00    3.000e+04
1707  1.707e+08    0.000e+00    0.000e+00   -3.000e+04
1708  1.708e+08    0.000e+00    0.000e+00    3.000e+04
1709  1.709e+08    0.000e+00    0.000e+00   -3.000e+04
1710  1.710e+08    0.000e+00    0.000e+00    3.000e+04
1711  1.711e+08    0.000e+00    0.000e+00   -3.000e+04
1712  1.712e+08    0.000e+00    0.000e+00    3.000e+04
1713  1.713e+08    0.000e+00    0.000e+00   -3.000e+04
1714  1.714e+08    0.000e+00    0.000e+00    3.000e+04
1715  1.715e+08    0.000e+00    0.000e+00   -3.000e+04
1716  1.716e+08    0.000e+00    0.000e+00    3.000e+04
1717  1.717e+08    0.000e+00    0.000e+00   -3.000e+04
1718  1.718e+08    0.000e+00    0.000e+00    3.000e+04
1719  1.719e+08    0.000e+00    0.000e+00   -3.000e+04
1720  1.720e+08    0.000e+00    0.000e+00    3.000e+04
1721  1.721e+08    0.000e+00    0.000e+00   -3.000e+04
1722  1.722e+08    0.000e+00    0.000e+00    3.000e+04
1723  1.723e+08    0.000e+00    0.000e+00   -3.000e+04
1724  1.724e+08    0.000e+00    0.000e+00    3.000e+04
1725  1.725e+08    0.000e+00    0.000e+00   -3.000e+04
1726  1.726e+08    0.000e+00    0.000e+00    3.000e+04
1727  1.727e+08    0.000e+00    0.000e+00   -3.000e+04
1728  1.728e+08    0.000e+00    0.000e+00    3.000e+04
1729  1.729e+08    0.000e+00    0.000e+00   -3.000e+04
1730  1.730e+08    0.000e+00    0.000e+00    3.000e+04
1731  1.731e+08    0.000e+00    0.000e+00   -3.000e+04
1732  1.732e+08    0.000e+00    0.000e+00    3.000e+04
1733  1.733e+08    0.000e+00    0.000e+00   -3.000e+04
1734  1.734e+08    0.000e+00    0.000e+00    3.000e+04
1735  1.735e+08    0.000e+00    0.000e+00   -3.000e+04
1736  1.736e+08    0.000e+00    0.000e+00    3.000e+04
1737  1.737e+08    0.000e+00    0.000e+00   -3.000e+04
1738  1.738e+08    0.000e+00    0.000e+00    3.000e+04
1739  1.739e+08    0.000e+00    0.000e+00   -3.000e+04
1740  1.740e+08    0.000e+00    0.000e+00    3.000e+04
1741  1.741e+08    0.000e+00    0.000e+00   -3.000e+04
1742  1.742e+08    0.000e+00    0.000e+00    3.000e+04
1743  1.743e+08    0.000e+00    0.000e+00   -3.000e+04
1744  1.744e+08    0.000e+00    0.000e+00    3.000e+04
1745  1.745e+08    0.000e+00    0.000e+00   -3.000e+04
1746  1.746e+08    0.000e+00    0.000e+00    3.000e+04
1747  1.747e+08    0.000e+00    0.000e+00   -3.000e+04
1748  1.748e+08    0.000e+00    0.000e+00    3.000e+04
1749  1.749e+08    0.000e+00    0.000e+00   -3.000e+04
1750  1.750e+08    0.000e+00    0.000e+00    3.000e+04
1751  1.751e+08    0.000e+00    0.000e+00   -3.000e+04
1752  1.752e+08    0.000e+00    0.000e+00    3.000e+04
1753  1.753e+08    0.000e+00    0.000e+00   -3.000e+04
1754  1.754e+08    0.000e+00    0.000e+00    3.000e+04
1755  1.755e+08    0.000e+00    0.000e+00   -3.000e+04
1756  1.756e+08    0.000e+00    0.000e+00    3.000e+04
1757  1.757e+08    0.000e+00    0.000e+00   -3.000e+04
1758  1.758e+08    0.000e+00    0.000e+00    3.000e+04
1759  1.759e+08    0.000e+00    0.000e+00   -3.000e+04
1760  1.760e+08    0.000e+00    0.000e+00    3.000e+04
1761  1.761e+08    0.000e+00    0.000e+00   -3.000e+04
1762  1.762e+08    0.000e+00    0.000e+00    3.000e+04
1763  1.763e+08    0.000e+00    0.000e+00   -3.000e+04
1764  1.764e+08    0.000e+00    0.000e+00    3.000e+04
1765  1.765e+08    0.000e+00    0.000e+00   -3.000e+04
1766  1.766e+08    0.000e+00    0.000e+00    3.000e+04
1767  1.767e+08    0.000e+00    0.000e+00   -3.000e+04
1768  1.768e+08    0.000e+00    0.000e+00    3.000e+04
1769  1.769e+08    0.000e+00    0.000e+00   -3.000e+04
1770  1.770e+08    0.000e+00    0.000e+00    3.000e+04
1771  1.771e+08    0.000e+00    0.000e+00   -3.000e+04
1772  1.772e+08    0.000e+00    0.000e+00    3.000e+04
1773  1.773e+08    0.000e+00    0.000e+00   -3.000e+04
1774  1.774e+08    0.000e+00    0.000e+00    3.000e+04
1775  1.775e+08    0.000e+00    0.000e+00   -3.000e+04
1776  1.776e+08    0.000e+00    0.000e+00    3.000e+04
1777  1.777e+08    0.000e+00    0.000e+00   -3.000e+04
1778  1.778e+08    0.000e+00    0.000e+00    3.000e+04
1779  1.779e+08    0.000e+00    0.000e+00   -3.000e+04
1780  1.780e+08    0.000e+00    0.000e+00    3.000e+04
1781  1.781e+08    0.000e+00    0.000e+00   -3.000e+04
1782  1.782e+08    0.000e+00    0.000e+00    3.000e+04
1783  1.783e+08    0.000e+00    0.000e+00   -3.000e+04
1784  1.784e+08    0.000e+00    0.000e+00    3.000e+04
1785  1.785e+08    0.000e+00    0.000e+00   -3.000e+04
1786  1.786e+08    0.000e+00    0.000e+00    3.000e+04
1787  1.787e+08    0.000e+00    0.000e+00   -3.000e+04
1788  1.788e+08    0.000e+00    0.000e+00    3.000e+04
1789  1.789e+08    0.000e+00    0.000e+00   -3.000e+04
1790  1.790e+08    0.000e+00    0.000e+00    3.000e+04
1791  1.791e+08    0.000e+00    0.000e+00   -3.000e+04
1792  1.792e+08    0.000e+00    0.000e+00    3.000e+04
1793  1.793e+08    0.000e+00    0.000e+00   -3.000e+04
1794  1.794e+08    0.000e+00    0.000e+00    3.000e+04
1795  1.795e+08    0.000e+00    0.000e+00   -3.000e+04
1796  1.796e+08    0.000e+00    0.000e+00    3.000e+04
1797  1.797e+08    0.000e+00    0.000e+00   -3.000e+04
1798  1.798e+08    0.000e+00    0.000e+00    3.000e+04
1799  1.799e+08    0.000e+00    0.000e+00   -3.000e+04
1800  1.800e+08    0.000e+00    0.000e+00    3.000e+04
1801  1.801e+08    0.000e+00    0.000e+00   -3.000e+04
1802  1.802e+08    0.000e+00    0.000e+00    3.000e+04
1803  1.803e+08    0.000e+00    0.000e+00   -3.000e+04
1804  1.804e+08    0.000e+00    0.000e+00    3.000e+04
1805  1.805e+08    0.000e+00    0.000e+00   -3.000e+04
1806  1.806e+08    0.000e+00    0.000e+00    3.000e+04
1807  1.807e+08    0.000e+00    0.000e+00   -3.000e+04
1808  1.808e+08    0.000e+00    0.000e+00    3.000e+04
1809  1.809e+08    0.000e+00    0.000e+00   -3.000e+04
1810  1.810e+08    0.000e+00    0.000e+00    3.000e+04
1811  1.811e+08    0.000e+00    0.000e+00   -3.000e+04
1812  1.812e+08    0.000e+00    0.000e+00    3.000e+04
1813  1.813e+08    0.000e+00    0.000e+00   -3.000e+04
1814  1.814e+08    0.000e+00    0.000e+00    3.000e+04
1815  1.815e+08    0.000e+00    0.000e+00   -3.000e+04
1816  1.816e+08    0.000e+00    0.000e+00    3.000e+04
1817  1.817e+08    0.000e+00    0.000e+00   -3.000e+04
1818  1.818e+08    0.000e+00    0.000e+00    3.000e+04
1819  1.819e+08    0.000e+00    0.000e+00   -3.000e+04
1820  1.820e+08    0.000e+00    0.000e+00    3.000e+04
1821  1.821e+08    0.000e+00    0.000e+00   -3.000e+04
1822  1.822e+08    0.000e+00    0.000e+00    3.000e+04
1823  1.823e+08    0.000e+00    0.000e+00   -3.000e+04
1824  1.824e+08    0.000e+00    0.000e+00    3.000e+04
1825  1.825e+08    0.000e+00    0.000e+00   -3.000e+04
1826  1.826e+08    0.000e+00    0.000e+00    3.000e+04
1827  1.827e+08    0.000e+00    0.000e+00   -3.000e+04
1828  1.828e+08    0.000e+00    0.000e+00    3.000e+04
1829  1.829e+08    0.000e+00    0.000e+00   -3.000e+04
1830  1.830e+08    0.000e+00    0.000e+00    3.000e+04
1831  1.831e+08    0.000e+00    0.000e+00   -3.000e+04
1832  1.832e+08    0.000e+00    0.000e+00    3.000e+04
1833  1.833e+08    0.000e+00    0.000e+00   -3.000e+04
1834  1.834e+08    0.000e+00    0.000e+00    3.000e+04
1835  1.835e+08    0.000e+00    0.000e+00   -3.000e+04
1836  1.836e+08    0.000e+00    0.000e+00    3.000e+04
1837  1.837e+08    0.000e+00    0.000e+00   -3.000e+04
1838  1.838e+08    0.000e+00    0.000e+00    3.000e+04
1839  1.839e+08    0.000e+00    0.000e+00   -3.000e+04
1840  1.840e+08    0.000e+00    0.000e+00    3.000e+04
1841  1.841e+08    0.000e+00    0.000e+00   -3.000e+04
1842  1.842e+08    0.000e+00    0.000e+00    3.000e+04
1843  1.843e+08    0.000e+00    0.000e+00   -3.000e+04
1844  1.844e+08    0.000e+00    0.000e+00    3.000e+04
1845  1.845e+08    0.000e+00    0.000e+00   -3.000e+04
1846  1.846e+08    0.000e+00    0.000e+00    3.000e+04
1847  1.847e+08    0.000e+00    0.000e+00   -3.000e+04
1848  1.848e+08    0.000e+00    0.000e+00    3.000e+04
1849  1.849e+08    0.000e+00    0.000e+00   -3.000e+04
1850  1.850e+08    0.000e+00    0.000e+00    3.000e+04
1851  1.851e+08    0.000e+00    0.000e+00   -3.000e+04
1852  1.852e+08    0.000e+00    0.000e+00    3.000e+04
1853  1.853e+08    0.000e+00    0.000e+00   -3.000e+04
1854  1.854e+08    0.000e+00    0.000e+00    3.000e+04
1855  1.855e+08    0.000e+00    0.000e+00   -3.000e+04
1856  1.856e+08    0.000e+00    0.000e+00    3.000e+04
1857  1.857e+08    0.000e+00    0.000e+00   -3.000e+04
1858  1.858e+08    0.000e+00    0.000e+00    3.000e+04
1859  1.859e+08    0.000e+00    0.000e+00   -3.000e+04
1860  1.860e+08    0.000e+00    0.000e+00    3.000e+04
1861  1.861e+08    0.000e+00    0.000e+00   -3.000e+04
1862  1.862e+08    0.000e+00    0.000e+00    3.000e+04
1863  1.863e+08    0.000e+00    0.000e+00   -3.000e+04
1864  1.864e+08    0.000e+00    0.000e+00    3.000e+04
1865  1.865e+08    0.000e+00    0.000e+00   -3.000e+04
1866  1.866e+08    0.000e+00    0.000e+00    3.000e+04
1867  1.867e+08    0.000e+00    0.000e+00   -3.000e+04
1868  1.868e+08    0.000e+00    0.000e+00    3.000e+04
1869  1.869e+08    0.000e+00    0.000e+00   -3.000e+04
1870  1.870e+08    0.000e+00    0.000e+00    3.000e+04
1871  1.871e+08    0.000e+00    0.000e+00   -3.000e+04
1872  1.872e+08    0.000e+00    0.000e+00    3.000e+04
1873  1.873e+08    0.000e+00    0.000e+00   -3.000e+04
1874  1.874e+08    0.000e+00    0.000e+00    3.000e+04
1875  1.875e+08    0.000e+00    0.000e+00   -3.000e+04
1876  1.876e+08    0.000e+00    0.000e+00    3.000e+04
1877  1.877e+08    0.000e+00    0.000e+00   -3.000e+04
1878  1.878e+08    0.000e+00    0.000e+00    3.000e+04
1879  1.879e+08    0.000e+00    0.000e+00   -3.000e+04
1880  1.880e+08    0.000e+00    0.000e+00    3.000e+04
1881  1.881e+08    0.000e+00    0.000e+00   -3.000e+04
1882  1.882e+08    0.000e+00    0.000e+00    3.000e+04
1883  1.883e+08    0.000e+00    0.000e+00   -3.000e+04
1884  1.884e+08    0.000e+00    0.000e+00    3.000e+04
1885  1.885e+08    0.000e+00    0.000e+00   -3.000e+04
1886  1.886e+08    0.000e+00    0.000e+00    3.000e+04
1887  1.887e+08    0.000e+00    0.000e+00   -3.000e+04
1888  1.888e+08    0.000e+00    0.000e+00    3.000e+04
1889  1.889e+08    0.000e+00    0.000e+00   -3.000e+04
1890  1.890e+08    0.000e+00    0.000e+00    3.000e+04
1891  1.891e+08    0.000e+00    0.000e+00   -3.000e+04
1892  1.892e+08    0.000e+00    0.000e+00    3.000e+04
1893  1.893e+08    0.000e+00    0.000e+00   -3.000e+04
1894  1.894e+08    0.000e+00    0.000e+00    3.000e+04
1895  1.895e+08    0.000e+00    0.000e+00   -3.000e+04
1896  1.896e+08    0.000e+00    0.000e+00    3.000e+04
1897  1.897e+08    0.000e+00    0.000e+00   -3.000e+04
1898  1.898e+08    0.000e+00    0.000e+00    3.000e+04
1899  1.899e+08    0.000e+00    0.000e+00   -3.000e+04
1900  1.900e+08    0.000e+00    0.000e+00    3.000e+04
1901  1.901e+08    0.000e+00    0.000e+00   -3.000e+04
1902  1.902e+08    0.000e+00    0.000e+00    3.000e+04
1903  1.903e+08    0.000e+00    0.000e+00   -3.000e+04
1904  1.904e+08    0.000e+00    0.000e+00    3.000e+04
1905  1.905e+08    0.000e+00    0.000e+00   -3.000e+04
1906  1.906e+08    0.000e+00    0.000e+00    3.000e+04
1907  1.907e+08    0.000e+00    0.000e+00   -3.000e+04
1908  1.908e+08    0.000e+00    0.000e+00    3.000e+04
1909  1.909e+08    0.000e+00    0.000e+00   -3.000e+04
1910  1.910e+08    0.000e+00    0.000e+00    3.000e+04
1911  1.911e+08    0.000e+00    0.000e+00   -3.000e+04
1912  1.912e+08    0.000e+00    0.000e+00    3.000e+04
1913  1.913e+08    0.000e+00    0.000e+00   -3.000e+04
1914  1.914e+08    0.000e+00    0.000e+00    3.000e+04
1915  1.915e+08    0.000e+00    0.000e+00   -3.000e+04
1916  1.916e+08    0.000e+00    0.000e+00    3.000e+04
1917  1.917e+08    0.000e+00    0.000e+00   -3.000e+04
1918  1.918e+08    0.000e+00    0.000e+00    3.000e+04
1919  1.919e+08    0.000e+00    0.000e+00   -3.000e+04
1920  1.920e+08    0.000e+00    0.000e+00    3.000e+04
1921  1.921e+08    0.000e+00    0.000e+00   -3.000e+04
1922  1.922e+08    0.000e+00    0.000e+00    3.000e+04
1923  1.923e+08    0.000e+00    0.000e+00   -3.000e+04
1924  1.924e+08    0.000e+00    0.000e+00    3.000e+04
1925  1.925e+08    0.000e+00    0.000e+00   -3.000e+04
1926  1.926e+08    0.000e+00    0.000e+00    3.000e+04
1927  1.927e+08    0.000e+00    0.000e+00   -3.000e+04
1928  1.928e+08    0.000e+00    0.000e+00    3.000e+04
1929  1.929e+08    0.000e+00    0.000e+00   -3.000e+04
1930  1.930e+08    0.000e+00    0.000e+00    3.000e+04
1931  1.931e+08    0.000e+00    0.000e+00   -3.000e+04
1932  1.932e+08    0.000e+00    0.000e+00    3.000e+04
1933  1.933e+08    0.000e+00    0.000e+00   -3.000e+04
1934  1.934e+08    0.000e+00    0.000e+00    3.000e+04
1935  1.935e+08    0.000e+00    0.000e+00   -3.000e+04
1936  1.936e+08    0.000e+00    0.000e+00    3.000e+04
1937  1.937e+08    0.000e+00    0.000e+00   -3.000e+04
1938  1.938e+08    0.000e+00    0.000e+00    3.000e+04
1939  1.939e+08    0.000e+00    0.000e+00   -3.000e+04
1940  1.940e+08    0.000e+00    0.000e+00    3.000e+04
1941  1.941e+08    0.000e+00    0.000e+00   -3.000e+04
1942  1.942e+08    0.000e+00    0.000e+00    3.000e+04
1943  1.943e+08    0.000e+00    0.000e+00   -3.000e+04
1944  1.944e+08    0.000e+00    0.000e+00    3.000e+04
1945  1.945e+08    0.000e+00    0.000e+00   -3.000e+04
1946  1.946e+08    0.000e+00    0.000e+00    3.000e+04
1947  1.947e+08    0.000e+00    0.000e+00   -3.000e+04
1948  1.948e+08    0.000e+00    0.000e+00    3.000e+04
1949  1.949e+08    0.000e+00    0.000e+00   -3.000e+04
1950  1.950e+08    0.000e+00    0.000e+00    3.000e+04
1951  1.951e+08    0.000e+00    0.000e+00   -3.000e+04
1952  1.952e+08    0.000e+00    0.000e+00    3.000e+04
1953  1.953e+08    0.000e+00    0.000e+00   -3.000e+04
1954  1.954e+08    0.000e+00    0.000e+00    3.000e+04
1955  1.955e+08    0.000e+00    0.000e+00   -3.000e+04
1956  1.956e+08    0.000e+00    0.000e+00    3.000e+04
1957  1.957e+08    0.000e+00    0.000e+00   -3.000e+04
1958  1.958e+08    0.000e+00    0.000e+00    3.000e+04
1959  1.959e+08    0.000e+00    0.000e+00   -3.000e+04
1960  1.960e+08    0.000e+00    0.000e+00    3.000e+04
1961  1.961e+08    0.000e+00    0.000e+00   -3.000e+04
1962  1.962e+08    0.000e+00    0.000e+00    3.000e+04
1963  1.963e+08    0.000e+00    0.000e+00   -3.000e+04
1964  1.964e+08    0.000e+00    0.000e+00    3.000e+04
1965  1.965e+08    0.000e+00    0.000e+00   -3.000e+04
1966  1.966e+08    0.000e+00    0.000e+00    3.000e+04
1967  1.967e+08    0.000e+00    0.000e+00   -3.000e+04
1968  1.968e+08    0.000e+00    0.000e+00    3.000e+04
1969  1.969e+08    0.000e+00    0.000e+00   -3.000e+04
1970  1.970e+08    0.000e+00    0.000e+00    3.000e+04
1971  1.971e+08    0.000e+00    0.000e+00   -3.000e+04
1972  1.972e+08    0.000e+00    0.000e+00    3.000e+04
1973  1.973e+08    0.000e+00    0.000e+00   -3.000e+04
1974  1.974e+08    0.000e+00    0.000e+00    3.000e+04
1975  1.975e+08    0.000e+00    0.000e+00   -3.000e+04
1976  1.976e+08    0.000e+00    0.000e+00    3.000e+04
1977  1.977e+08    0.000e+00    0.000e+00   -3.000e+04
1978  1.978e+08    0.000e+00    0.000e+00    3.000e+04
1979  1.979e+08    0.000e+00    0.000e+00   -3.000e+04
1980  1.980e+08    0.000e+00    0.000e+00    3.000e+04
1981  1.981e+08    0.000e+00    0.000e+00   -3.000e+04
1982  1.982e+08    0.000e+00    0.000e+00    3.000e+04
1983  1.983e+08    0.000e+00    0.000e+00   -3.000e+04
1984  1.984e+08    0.000e+00    0.000e+00    3.000e+04
1985  1.985e+08    0.000e+00    0.000e+00   -3.000e+04
1986  1.986e+08    0.000e+00    0.000e+00    3.000e+04
1987  1.987e+08    0.000e+00    0.000e+00   -3.000e+04
1988  1.988e+08    0.000e+00    0.000e+00    3.000e+04
1989  1.989e+08    0.000e+00    0.000e+00   -3.000e+04
1990  1.990e+08    0.000e+00    0.000e+00    3.000e+04
1991  1.991e+08    0.000e+00    0.000e+00   -3.000e+04
1992  1.992e+08    0.000e+00    0.000e+00    3.000e+04
1993  1.993e+08    0.000e+00    0.000e+00   -3.000e+04
1994  1.994e+08    0.000e+00    0.000e+00    3.000e+04
1995  1.995e+08    0.000e+00    0.000e+00   -3.000e+04
1996  1.996e+08    0.000e+00    0.000e+00    3.000e+04
1997  1.997e+08    0.000e+00    0.000e+00   -3.000e+04
1998  1.998e+08    0.000e+00    0.000e+00    3.000e+04
1999  1.999e+08    0.000e+00    0.000e+00   -3.000e+04

Elapsed time = 3.068424e+00 seconds
